Country Name,Country Code,Indicator Name,Indicator Code,Year,Value
Cameroon,CMR,Age dependency ratio (% of working-age population),SP.POP.DPND,1990,99.222559129089
Cameroon,CMR,"Fertility rate, total (births per woman)",SP.DYN.TFRT.IN,1990,6.362
Cameroon,CMR,Population density (people per sq. km of land area),EN.POP.DNST,1990,23.97203570899706
Cameroon,CMR,Population growth (annual %),SP.POP.GROW,1990,2.94699987458872
Cameroon,CMR,"Population, total",SP.POP.TOTL,1990,11331821.0
Cameroon,CMR,Urban population (% of total population),SP.URB.TOTL.IN.ZS,1990,40.0887363273593
"Congo, Dem. Rep.",COD,Age dependency ratio (% of working-age population),SP.POP.DPND,1990,89.53522358106774
"Congo, Dem. Rep.",COD,"Fertility rate, total (births per woman)",SP.DYN.TFRT.IN,1990,6.649
"Congo, Dem. Rep.",COD,Population density (people per sq. km of land area),EN.POP.DNST,1990,16.181408879380694
"Congo, Dem. Rep.",COD,Population growth (annual %),SP.POP.GROW,1990,3.31797538712724
"Congo, Dem. Rep.",COD,"Population, total",SP.POP.TOTL,1990,36684063.0
"Congo, Dem. Rep.",COD,Urban population (% of total population),SP.URB.TOTL.IN.ZS,1990,30.2744748770515
"Egypt, Arab Rep.",EGY,Age dependency ratio (% of working-age population),SP.POP.DPND,1990,81.24112480036717
"Egypt, Arab Rep.",EGY,"Fertility rate, total (births per woman)",SP.DYN.TFRT.IN,1990,4.512
"Egypt, Arab Rep.",EGY,Population density (people per sq. km of land area),EN.POP.DNST,1990,58.66353709377668
"Egypt, Arab Rep.",EGY,Population growth (annual %),SP.POP.GROW,1990,2.92960944817985
"Egypt, Arab Rep.",EGY,"Population, total",SP.POP.TOTL,1990,58396618.0
"Egypt, Arab Rep.",EGY,Urban population (% of total population),SP.URB.TOTL.IN.ZS,1990,43.5688827270165
Ethiopia,ETH,Age dependency ratio (% of working-age population),SP.POP.DPND,1990,95.88675605336805
Ethiopia,ETH,"Fertility rate, total (births per woman)",SP.DYN.TFRT.IN,1990,7.196
Ethiopia,ETH,Population density (people per sq. km of land area),EN.POP.DNST,1990,53.708891
Ethiopia,ETH,Population growth (annual %),SP.POP.GROW,1990,3.70151417338649
Ethiopia,ETH,"Population, total",SP.POP.TOTL,1990,47609755.0
Ethiopia,ETH,Urban population (% of total population),SP.URB.TOTL.IN.ZS,1990,12.7641346261628
Ghana,GHA,Age dependency ratio (% of working-age population),SP.POP.DPND,1990,91.85526739841283
Ghana,GHA,"Fertility rate, total (births per woman)",SP.DYN.TFRT.IN,1990,5.737
Ghana,GHA,Population density (people per sq. km of land area),EN.POP.DNST,1990,67.65688670123934
Ghana,GHA,Population growth (annual %),SP.POP.GROW,1990,2.55156185640349
Ghana,GHA,"Population, total",SP.POP.TOTL,1990,15394648.0
Ghana,GHA,Urban population (% of total population),SP.URB.TOTL.IN.ZS,1990,35.7432148671435
Kenya,KEN,Age dependency ratio (% of working-age population),SP.POP.DPND,1990,105.5641449288376
Kenya,KEN,"Fertility rate, total (births per woman)",SP.DYN.TFRT.IN,1990,6.135
Kenya,KEN,Population density (people per sq. km of land area),EN.POP.DNST,1990,40.22323329936396
Kenya,KEN,Population growth (annual %),SP.POP.GROW,1990,3.44045635367696
Kenya,KEN,"Population, total",SP.POP.TOTL,1990,22892651.0
Kenya,KEN,Urban population (% of total population),SP.URB.TOTL.IN.ZS,1990,18.1962956954221
Nigeria,NGA,Age dependency ratio (% of working-age population),SP.POP.DPND,1990,94.05475217014762
Nigeria,NGA,"Fertility rate, total (births per woman)",SP.DYN.TFRT.IN,1990,6.459
Nigeria,NGA,Population density (people per sq. km of land area),EN.POP.DNST,1990,106.63606069589468
Nigeria,NGA,Population growth (annual %),SP.POP.GROW,1990,2.70288804324942
Nigeria,NGA,"Population, total",SP.POP.TOTL,1990,97120925.0
Nigeria,NGA,Urban population (% of total population),SP.URB.TOTL.IN.ZS,1990,35.1866181650421
South Africa,ZAF,Age dependency ratio (% of working-age population),SP.POP.DPND,1990,71.48221886408952
South Africa,ZAF,"Fertility rate, total (births per woman)",SP.DYN.TFRT.IN,1990,3.724
South Africa,ZAF,Population density (people per sq. km of land area),EN.POP.DNST,1990,33.58882523143377
South Africa,ZAF,Population growth (annual %),SP.POP.GROW,1990,2.78138037228425
South Africa,ZAF,"Population, total",SP.POP.TOTL,1990,40746268.0
South Africa,ZAF,Urban population (% of total population),SP.URB.TOTL.IN.ZS,1990,51.9679908313922
Cameroon,CMR,Age dependency ratio (% of working-age population),SP.POP.DPND,1991,99.1518723262906
Cameroon,CMR,"Fertility rate, total (births per woman)",SP.DYN.TFRT.IN,1991,6.324
Cameroon,CMR,Population density (people per sq. km of land area),EN.POP.DNST,1991,24.681474900044424
Cameroon,CMR,Population growth (annual %),SP.POP.GROW,1991,2.91649859858171
Cameroon,CMR,"Population, total",SP.POP.TOTL,1991,11667180.0
Cameroon,CMR,Urban population (% of total population),SP.URB.TOTL.IN.ZS,1991,40.770166213607
"Congo, Dem. Rep.",COD,Age dependency ratio (% of working-age population),SP.POP.DPND,1991,89.73062883255119
"Congo, Dem. Rep.",COD,"Fertility rate, total (births per woman)",SP.DYN.TFRT.IN,1991,6.645
"Congo, Dem. Rep.",COD,Population density (people per sq. km of land area),EN.POP.DNST,1991,16.729148893937055
"Congo, Dem. Rep.",COD,Population growth (annual %),SP.POP.GROW,1991,3.32896574554935
"Congo, Dem. Rep.",COD,"Population, total",SP.POP.TOTL,1991,37925817.0
"Congo, Dem. Rep.",COD,Urban population (% of total population),SP.URB.TOTL.IN.ZS,1991,30.6864874331592
"Egypt, Arab Rep.",EGY,Age dependency ratio (% of working-age population),SP.POP.DPND,1991,80.31341416042953
"Egypt, Arab Rep.",EGY,"Fertility rate, total (births per woman)",SP.DYN.TFRT.IN,1991,4.315
"Egypt, Arab Rep.",EGY,Population density (people per sq. km of land area),EN.POP.DNST,1991,60.30337736701994
"Egypt, Arab Rep.",EGY,Population growth (annual %),SP.POP.GROW,1991,2.7569751613283
"Egypt, Arab Rep.",EGY,"Population, total",SP.POP.TOTL,1991,60028997.0
"Egypt, Arab Rep.",EGY,Urban population (% of total population),SP.URB.TOTL.IN.ZS,1991,43.3758077989551
Ethiopia,ETH,Age dependency ratio (% of working-age population),SP.POP.DPND,1991,95.8232624599868
Ethiopia,ETH,"Fertility rate, total (births per woman)",SP.DYN.TFRT.IN,1991,7.161
Ethiopia,ETH,Population density (people per sq. km of land area),EN.POP.DNST,1991,53.708891
Ethiopia,ETH,Population growth (annual %),SP.POP.GROW,1991,4.33132322477119
Ethiopia,ETH,"Population, total",SP.POP.TOTL,1991,49717198.0
Ethiopia,ETH,Urban population (% of total population),SP.URB.TOTL.IN.ZS,1991,13.0289528923177
Ghana,GHA,Age dependency ratio (% of working-age population),SP.POP.DPND,1991,91.64807442029398
Ghana,GHA,"Fertility rate, total (births per woman)",SP.DYN.TFRT.IN,1991,5.63
Ghana,GHA,Population density (people per sq. km of land area),EN.POP.DNST,1991,69.38338753625736
Ghana,GHA,Population growth (annual %),SP.POP.GROW,1991,2.51983177629257
Ghana,GHA,"Population, total",SP.POP.TOTL,1991,15787496.0
Ghana,GHA,Urban population (% of total population),SP.URB.TOTL.IN.ZS,1991,36.5466714503918
Kenya,KEN,Age dependency ratio (% of working-age population),SP.POP.DPND,1991,104.48635701974574
Kenya,KEN,"Fertility rate, total (births per woman)",SP.DYN.TFRT.IN,1991,5.94
Kenya,KEN,Population density (people per sq. km of land area),EN.POP.DNST,1991,41.547798432723056
Kenya,KEN,Population growth (annual %),SP.POP.GROW,1991,3.23997624716531
Kenya,KEN,"Population, total",SP.POP.TOTL,1991,23646514.0
Kenya,KEN,Urban population (% of total population),SP.URB.TOTL.IN.ZS,1991,18.2983212940893
Nigeria,NGA,Age dependency ratio (% of working-age population),SP.POP.DPND,1991,93.4621238269268
Nigeria,NGA,"Fertility rate, total (births per woman)",SP.DYN.TFRT.IN,1991,6.426
Nigeria,NGA,Population density (people per sq. km of land area),EN.POP.DNST,1991,109.48995026186633
Nigeria,NGA,Population growth (annual %),SP.POP.GROW,1991,2.64110316371064
Nigeria,NGA,"Population, total",SP.POP.TOTL,1991,99720162.0
Nigeria,NGA,Urban population (% of total population),SP.URB.TOTL.IN.ZS,1991,35.9657628204929
South Africa,ZAF,Age dependency ratio (% of working-age population),SP.POP.DPND,1991,70.85162085667002
South Africa,ZAF,"Fertility rate, total (births per woman)",SP.DYN.TFRT.IN,1991,3.618
South Africa,ZAF,Population density (people per sq. km of land area),EN.POP.DNST,1991,34.365049584119895
South Africa,ZAF,Population growth (annual %),SP.POP.GROW,1991,2.28466181858316
South Africa,ZAF,"Population, total",SP.POP.TOTL,1991,41687898.0
South Africa,ZAF,Urban population (% of total population),SP.URB.TOTL.IN.ZS,1991,52.4000015258789
Cameroon,CMR,Age dependency ratio (% of working-age population),SP.POP.DPND,1992,98.9806477701929
Cameroon,CMR,"Fertility rate, total (births per woman)",SP.DYN.TFRT.IN,1992,6.256
Cameroon,CMR,Population density (people per sq. km of land area),EN.POP.DNST,1992,25.39898246282076
Cameroon,CMR,Population growth (annual %),SP.POP.GROW,1992,2.86561545097735
Cameroon,CMR,"Population, total",SP.POP.TOTL,1992,12006353.0
Cameroon,CMR,Urban population (% of total population),SP.URB.TOTL.IN.ZS,1992,41.4395077111738
"Congo, Dem. Rep.",COD,Age dependency ratio (% of working-age population),SP.POP.DPND,1992,89.94242207472077
"Congo, Dem. Rep.",COD,"Fertility rate, total (births per woman)",SP.DYN.TFRT.IN,1992,6.639
"Congo, Dem. Rep.",COD,Population density (people per sq. km of land area),EN.POP.DNST,1992,17.30394565624931
"Congo, Dem. Rep.",COD,Population growth (annual %),SP.POP.GROW,1992,3.37819074562411
"Congo, Dem. Rep.",COD,"Population, total",SP.POP.TOTL,1992,39228910.0
"Congo, Dem. Rep.",COD,Urban population (% of total population),SP.URB.TOTL.IN.ZS,1992,31.1112109993961
"Egypt, Arab Rep.",EGY,Age dependency ratio (% of working-age population),SP.POP.DPND,1992,79.48940133452501
"Egypt, Arab Rep.",EGY,"Fertility rate, total (births per woman)",SP.DYN.TFRT.IN,1992,4.149
"Egypt, Arab Rep.",EGY,Population density (people per sq. km of land area),EN.POP.DNST,1992,61.761675624089605
"Egypt, Arab Rep.",EGY,Population growth (annual %),SP.POP.GROW,1992,2.3894924999556
"Egypt, Arab Rep.",EGY,"Population, total",SP.POP.TOTL,1992,61480660.0
"Egypt, Arab Rep.",EGY,Urban population (% of total population),SP.URB.TOTL.IN.ZS,1992,43.1765905116707
Ethiopia,ETH,Age dependency ratio (% of working-age population),SP.POP.DPND,1992,95.89263788929054
Ethiopia,ETH,"Fertility rate, total (births per woman)",SP.DYN.TFRT.IN,1992,7.125
Ethiopia,ETH,Population density (people per sq. km of land area),EN.POP.DNST,1992,53.708891
Ethiopia,ETH,Population growth (annual %),SP.POP.GROW,1992,4.20762887536633
Ethiopia,ETH,"Population, total",SP.POP.TOTL,1992,51853747.0
Ethiopia,ETH,Urban population (% of total population),SP.URB.TOTL.IN.ZS,1992,13.2797353575599
Ghana,GHA,Age dependency ratio (% of working-age population),SP.POP.DPND,1992,91.27755881084212
Ghana,GHA,"Fertility rate, total (births per woman)",SP.DYN.TFRT.IN,1992,5.517
Ghana,GHA,Population density (people per sq. km of land area),EN.POP.DNST,1992,71.1297134569746
Ghana,GHA,Population growth (annual %),SP.POP.GROW,1992,2.48576941139296
Ghana,GHA,"Population, total",SP.POP.TOTL,1992,16184855.0
Ghana,GHA,Urban population (% of total population),SP.URB.TOTL.IN.ZS,1992,37.3800591655132
Kenya,KEN,Age dependency ratio (% of working-age population),SP.POP.DPND,1992,103.38789356862776
Kenya,KEN,"Fertility rate, total (births per woman)",SP.DYN.TFRT.IN,1992,5.74
Kenya,KEN,Population density (people per sq. km of land area),EN.POP.DNST,1992,42.840882735355095
Kenya,KEN,Population growth (annual %),SP.POP.GROW,1992,3.06483168454324
Kenya,KEN,"Population, total",SP.POP.TOTL,1992,24382460.0
Kenya,KEN,Urban population (% of total population),SP.URB.TOTL.IN.ZS,1992,18.3803510644475
Nigeria,NGA,Age dependency ratio (% of working-age population),SP.POP.DPND,1992,92.775318527314
Nigeria,NGA,"Fertility rate, total (births per woman)",SP.DYN.TFRT.IN,1992,6.391
Nigeria,NGA,Population density (people per sq. km of land area),EN.POP.DNST,1992,112.4024396938854
Nigeria,NGA,Population growth (annual %),SP.POP.GROW,1992,2.62528760714312
Nigeria,NGA,"Population, total",SP.POP.TOTL,1992,102372770.0
Nigeria,NGA,Urban population (% of total population),SP.URB.TOTL.IN.ZS,1992,36.7456434131176
South Africa,ZAF,Age dependency ratio (% of working-age population),SP.POP.DPND,1992,71.10256125894632
South Africa,ZAF,"Fertility rate, total (births per woman)",SP.DYN.TFRT.IN,1992,3.479
South Africa,ZAF,Population density (people per sq. km of land area),EN.POP.DNST,1992,34.98793082129108
South Africa,ZAF,Population growth (annual %),SP.POP.GROW,1992,1.79631209038171
South Africa,ZAF,"Population, total",SP.POP.TOTL,1992,42443509.0
South Africa,ZAF,Urban population (% of total population),SP.URB.TOTL.IN.ZS,1992,52.6805094926402
Cameroon,CMR,Age dependency ratio (% of working-age population),SP.POP.DPND,1993,98.6382657534088
Cameroon,CMR,"Fertility rate, total (births per woman)",SP.DYN.TFRT.IN,1993,6.155
Cameroon,CMR,Population density (people per sq. km of land area),EN.POP.DNST,1993,26.132578113431062
Cameroon,CMR,Population growth (annual %),SP.POP.GROW,1993,2.84736268467474
Cameroon,CMR,"Population, total",SP.POP.TOTL,1993,12353131.0
Cameroon,CMR,Urban population (% of total population),SP.URB.TOTL.IN.ZS,1993,42.0958101970685
"Congo, Dem. Rep.",COD,Age dependency ratio (% of working-age population),SP.POP.DPND,1993,90.00520388260583
"Congo, Dem. Rep.",COD,"Fertility rate, total (births per woman)",SP.DYN.TFRT.IN,1993,6.641
"Congo, Dem. Rep.",COD,Population density (people per sq. km of land area),EN.POP.DNST,1993,17.933585937672305
"Congo, Dem. Rep.",COD,Population growth (annual %),SP.POP.GROW,1993,3.57407160295395
"Congo, Dem. Rep.",COD,"Population, total",SP.POP.TOTL,1993,40656336.0
"Congo, Dem. Rep.",COD,Urban population (% of total population),SP.URB.TOTL.IN.ZS,1993,31.5480979038271
"Egypt, Arab Rep.",EGY,Age dependency ratio (% of working-age population),SP.POP.DPND,1993,78.47369835676339
"Egypt, Arab Rep.",EGY,"Fertility rate, total (births per woman)",SP.DYN.TFRT.IN,1993,3.993
"Egypt, Arab Rep.",EGY,Population density (people per sq. km of land area),EN.POP.DNST,1993,63.20325581395349
"Egypt, Arab Rep.",EGY,Population growth (annual %),SP.POP.GROW,1993,2.30727793019304
"Egypt, Arab Rep.",EGY,"Population, total",SP.POP.TOTL,1993,62915681.0
"Egypt, Arab Rep.",EGY,Urban population (% of total population),SP.URB.TOTL.IN.ZS,1993,42.9872125093605
Ethiopia,ETH,Age dependency ratio (% of working-age population),SP.POP.DPND,1993,96.47872204176448
Ethiopia,ETH,"Fertility rate, total (births per woman)",SP.DYN.TFRT.IN,1993,7.088
Ethiopia,ETH,Population density (people per sq. km of land area),EN.POP.DNST,1993,53.708891
Ethiopia,ETH,Population growth (annual %),SP.POP.GROW,1993,3.51513575633339
Ethiopia,ETH,"Population, total",SP.POP.TOTL,1993,53708891.0
Ethiopia,ETH,Urban population (% of total population),SP.URB.TOTL.IN.ZS,1993,13.5107604305191
Ghana,GHA,Age dependency ratio (% of working-age population),SP.POP.DPND,1993,90.53518048706982
Ghana,GHA,"Fertility rate, total (births per woman)",SP.DYN.TFRT.IN,1993,5.414
Ghana,GHA,Population density (people per sq. km of land area),EN.POP.DNST,1993,72.90814362309924
Ghana,GHA,Population growth (annual %),SP.POP.GROW,1993,2.46951819870346
Ghana,GHA,"Population, total",SP.POP.TOTL,1993,16589519.0
Ghana,GHA,Urban population (% of total population),SP.URB.TOTL.IN.ZS,1993,38.233449206358
Kenya,KEN,Age dependency ratio (% of working-age population),SP.POP.DPND,1993,102.18950174512612
Kenya,KEN,"Fertility rate, total (births per woman)",SP.DYN.TFRT.IN,1993,5.569
Kenya,KEN,Population density (people per sq. km of land area),EN.POP.DNST,1993,44.13182696700285
Kenya,KEN,Population growth (annual %),SP.POP.GROW,1993,2.96883713169678
Kenya,KEN,"Population, total",SP.POP.TOTL,1993,25117188.0
Kenya,KEN,Urban population (% of total population),SP.URB.TOTL.IN.ZS,1993,18.4500145151536
Nigeria,NGA,Age dependency ratio (% of working-age population),SP.POP.DPND,1993,91.97546480587566
Nigeria,NGA,"Fertility rate, total (births per woman)",SP.DYN.TFRT.IN,1993,6.354
Nigeria,NGA,Population density (people per sq. km of land area),EN.POP.DNST,1993,115.42109314096864
Nigeria,NGA,Population growth (annual %),SP.POP.GROW,1993,2.65014775362862
Nigeria,NGA,"Population, total",SP.POP.TOTL,1993,105122069.0
Nigeria,NGA,Urban population (% of total population),SP.URB.TOTL.IN.ZS,1993,37.5335756091442
South Africa,ZAF,Age dependency ratio (% of working-age population),SP.POP.DPND,1993,70.19668206307495
South Africa,ZAF,"Fertility rate, total (births per woman)",SP.DYN.TFRT.IN,1993,3.372
South Africa,ZAF,Population density (people per sq. km of land area),EN.POP.DNST,1993,35.691627166986784
South Africa,ZAF,Population growth (annual %),SP.POP.GROW,1993,1.99129597975592
South Africa,ZAF,"Population, total",SP.POP.TOTL,1993,43297156.0
South Africa,ZAF,Urban population (% of total population),SP.URB.TOTL.IN.ZS,1993,52.893505042748
Cameroon,CMR,Age dependency ratio (% of working-age population),SP.POP.DPND,1994,98.14460065487252
Cameroon,CMR,"Fertility rate, total (births per woman)",SP.DYN.TFRT.IN,1994,6.043
Cameroon,CMR,Population density (people per sq. km of land area),EN.POP.DNST,1994,26.87673838082545
Cameroon,CMR,Population growth (annual %),SP.POP.GROW,1994,2.8078428743676
Cameroon,CMR,"Population, total",SP.POP.TOTL,1994,12704903.0
Cameroon,CMR,Urban population (% of total population),SP.URB.TOTL.IN.ZS,1994,42.7381230483001
"Congo, Dem. Rep.",COD,Age dependency ratio (% of working-age population),SP.POP.DPND,1994,88.7095935203807
"Congo, Dem. Rep.",COD,"Fertility rate, total (births per woman)",SP.DYN.TFRT.IN,1994,6.643
"Congo, Dem. Rep.",COD,Population density (people per sq. km of land area),EN.POP.DNST,1994,18.802794821464012
"Congo, Dem. Rep.",COD,Population growth (annual %),SP.POP.GROW,1994,4.73302553589306
"Congo, Dem. Rep.",COD,"Population, total",SP.POP.TOTL,1994,42626876.0
"Congo, Dem. Rep.",COD,Urban population (% of total population),SP.URB.TOTL.IN.ZS,1994,31.9966004745173
"Egypt, Arab Rep.",EGY,Age dependency ratio (% of working-age population),SP.POP.DPND,1994,77.3905241296368
"Egypt, Arab Rep.",EGY,"Fertility rate, total (births per woman)",SP.DYN.TFRT.IN,1994,3.865
"Egypt, Arab Rep.",EGY,Population density (people per sq. km of land area),EN.POP.DNST,1994,64.57942538550404
"Egypt, Arab Rep.",EGY,Population growth (annual %),SP.POP.GROW,1994,2.15400517051219
"Egypt, Arab Rep.",EGY,"Population, total",SP.POP.TOTL,1994,64285589.0
"Egypt, Arab Rep.",EGY,Urban population (% of total population),SP.URB.TOTL.IN.ZS,1994,42.823655436222
Ethiopia,ETH,Age dependency ratio (% of working-age population),SP.POP.DPND,1994,97.07303624224052
Ethiopia,ETH,"Fertility rate, total (births per woman)",SP.DYN.TFRT.IN,1994,7.051
Ethiopia,ETH,Population density (people per sq. km of land area),EN.POP.DNST,1994,55.611508
Ethiopia,ETH,Population growth (annual %),SP.POP.GROW,1994,3.48116024765652
Ethiopia,ETH,"Population, total",SP.POP.TOTL,1994,55611508.0
Ethiopia,ETH,Urban population (% of total population),SP.URB.TOTL.IN.ZS,1994,13.7172676452417
Ghana,GHA,Age dependency ratio (% of working-age population),SP.POP.DPND,1994,89.52144279601283
Ghana,GHA,"Fertility rate, total (births per woman)",SP.DYN.TFRT.IN,1994,5.254
Ghana,GHA,Population density (people per sq. km of land area),EN.POP.DNST,1994,74.68220972136767
Ghana,GHA,Population growth (annual %),SP.POP.GROW,1994,2.40415651514833
Ghana,GHA,"Population, total",SP.POP.TOTL,1994,16993190.0
Ghana,GHA,Urban population (% of total population),SP.URB.TOTL.IN.ZS,1994,39.0969127667762
Kenya,KEN,Age dependency ratio (% of working-age population),SP.POP.DPND,1994,100.91159965140378
Kenya,KEN,"Fertility rate, total (births per woman)",SP.DYN.TFRT.IN,1994,5.438
Kenya,KEN,Population density (people per sq. km of land area),EN.POP.DNST,1994,45.43193238921882
Kenya,KEN,Population growth (annual %),SP.POP.GROW,1994,2.903399231403
Kenya,KEN,"Population, total",SP.POP.TOTL,1994,25857130.0
Kenya,KEN,Urban population (% of total population),SP.URB.TOTL.IN.ZS,1994,18.5149411548647
Nigeria,NGA,Age dependency ratio (% of working-age population),SP.POP.DPND,1994,91.17190853727688
Nigeria,NGA,"Fertility rate, total (births per woman)",SP.DYN.TFRT.IN,1994,6.319
Nigeria,NGA,Population density (people per sq. km of land area),EN.POP.DNST,1994,118.51039669730008
Nigeria,NGA,Population growth (annual %),SP.POP.GROW,1994,2.64135723468862
Nigeria,NGA,"Population, total",SP.POP.TOTL,1994,107935714.0
Nigeria,NGA,Urban population (% of total population),SP.URB.TOTL.IN.ZS,1994,38.3306573470114
South Africa,ZAF,Age dependency ratio (% of working-age population),SP.POP.DPND,1994,70.18072537274678
South Africa,ZAF,"Fertility rate, total (births per woman)",SP.DYN.TFRT.IN,1994,3.258
South Africa,ZAF,Population density (people per sq. km of land area),EN.POP.DNST,1994,36.2744223429424
South Africa,ZAF,Population growth (annual %),SP.POP.GROW,1994,1.61967461179144
South Africa,ZAF,"Population, total",SP.POP.TOTL,1994,44004139.0
South Africa,ZAF,Urban population (% of total population),SP.URB.TOTL.IN.ZS,1994,53.0838026074521
Cameroon,CMR,Age dependency ratio (% of working-age population),SP.POP.DPND,1995,97.51612639262048
Cameroon,CMR,"Fertility rate, total (births per woman)",SP.DYN.TFRT.IN,1995,5.919
Cameroon,CMR,Population density (people per sq. km of land area),EN.POP.DNST,1995,27.62479321359819
Cameroon,CMR,Population growth (annual %),SP.POP.GROW,1995,2.74525060356896
Cameroon,CMR,"Population, total",SP.POP.TOTL,1995,13058516.0
Cameroon,CMR,Urban population (% of total population),SP.URB.TOTL.IN.ZS,1995,43.3654956418773
"Congo, Dem. Rep.",COD,Age dependency ratio (% of working-age population),SP.POP.DPND,1995,88.36899949763975
"Congo, Dem. Rep.",COD,"Fertility rate, total (births per woman)",SP.DYN.TFRT.IN,1995,6.676
"Congo, Dem. Rep.",COD,Population density (people per sq. km of land area),EN.POP.DNST,1995,19.5997900355087
"Congo, Dem. Rep.",COD,Population growth (annual %),SP.POP.GROW,1995,4.15133342018812
"Congo, Dem. Rep.",COD,"Population, total",SP.POP.TOTL,1995,44433704.0
"Congo, Dem. Rep.",COD,Urban population (% of total population),SP.URB.TOTL.IN.ZS,1995,32.4561710395319
"Egypt, Arab Rep.",EGY,Age dependency ratio (% of working-age population),SP.POP.DPND,1995,76.19058954398248
"Egypt, Arab Rep.",EGY,"Fertility rate, total (births per woman)",SP.DYN.TFRT.IN,1995,3.764
"Egypt, Arab Rep.",EGY,Population density (people per sq. km of land area),EN.POP.DNST,1995,65.95270681601286
"Egypt, Arab Rep.",EGY,Population growth (annual %),SP.POP.GROW,1995,2.10420542038277
"Egypt, Arab Rep.",EGY,"Population, total",SP.POP.TOTL,1995,65652622.0
"Egypt, Arab Rep.",EGY,Urban population (% of total population),SP.URB.TOTL.IN.ZS,1995,42.7019009364527
Ethiopia,ETH,Age dependency ratio (% of working-age population),SP.POP.DPND,1995,97.62123966875444
Ethiopia,ETH,"Fertility rate, total (births per woman)",SP.DYN.TFRT.IN,1995,6.998
Ethiopia,ETH,Population density (people per sq. km of land area),EN.POP.DNST,1995,57.537335
Ethiopia,ETH,Population growth (annual %),SP.POP.GROW,1995,3.40438831875411
Ethiopia,ETH,"Population, total",SP.POP.TOTL,1995,57537335.0
Ethiopia,ETH,Urban population (% of total population),SP.URB.TOTL.IN.ZS,1995,13.8825578689575
Ghana,GHA,Age dependency ratio (% of working-age population),SP.POP.DPND,1995,88.61026713490905
Ghana,GHA,"Fertility rate, total (births per woman)",SP.DYN.TFRT.IN,1995,5.106
Ghana,GHA,Population density (people per sq. km of land area),EN.POP.DNST,1995,76.46575107673377
Ghana,GHA,Population growth (annual %),SP.POP.GROW,1995,2.36010348077285
Ghana,GHA,"Population, total",SP.POP.TOTL,1995,17399017.0
Ghana,GHA,Urban population (% of total population),SP.URB.TOTL.IN.ZS,1995,39.960521040618
Kenya,KEN,Age dependency ratio (% of working-age population),SP.POP.DPND,1995,99.66540232744995
Kenya,KEN,"Fertility rate, total (births per woman)",SP.DYN.TFRT.IN,1995,5.372
Kenya,KEN,Population density (people per sq. km of land area),EN.POP.DNST,1995,46.74025898724391
Kenya,KEN,Population growth (annual %),SP.POP.GROW,1995,2.83906557159965
Kenya,KEN,"Population, total",SP.POP.TOTL,1995,26601751.0
Kenya,KEN,Urban population (% of total population),SP.URB.TOTL.IN.ZS,1995,18.5827604922377
Nigeria,NGA,Age dependency ratio (% of working-age population),SP.POP.DPND,1995,90.45466275704982
Nigeria,NGA,"Fertility rate, total (births per woman)",SP.DYN.TFRT.IN,1995,6.273
Nigeria,NGA,Population density (people per sq. km of land area),EN.POP.DNST,1995,121.67663405689692
Nigeria,NGA,Population growth (annual %),SP.POP.GROW,1995,2.63662927453146
Nigeria,NGA,"Population, total",SP.POP.TOTL,1995,110819428.0
Nigeria,NGA,Urban population (% of total population),SP.URB.TOTL.IN.ZS,1995,39.1364103583649
South Africa,ZAF,Age dependency ratio (% of working-age population),SP.POP.DPND,1995,71.47356173194727
South Africa,ZAF,"Fertility rate, total (births per woman)",SP.DYN.TFRT.IN,1995,3.172
South Africa,ZAF,Population density (people per sq. km of land area),EN.POP.DNST,1995,36.71743563956508
South Africa,ZAF,Population growth (annual %),SP.POP.GROW,1995,1.21388535311637
South Africa,ZAF,"Population, total",SP.POP.TOTL,1995,44541554.0
South Africa,ZAF,Urban population (% of total population),SP.URB.TOTL.IN.ZS,1995,53.2962166180026
Cameroon,CMR,Age dependency ratio (% of working-age population),SP.POP.DPND,1996,96.68769838657438
Cameroon,CMR,"Fertility rate, total (births per woman)",SP.DYN.TFRT.IN,1996,5.795
Cameroon,CMR,Population density (people per sq. km of land area),EN.POP.DNST,1996,28.37840748027332
Cameroon,CMR,Population growth (annual %),SP.POP.GROW,1996,2.69148816728723
Cameroon,CMR,"Population, total",SP.POP.TOTL,1996,13414757.0
Cameroon,CMR,Urban population (% of total population),SP.URB.TOTL.IN.ZS,1996,43.9769773548092
"Congo, Dem. Rep.",COD,Age dependency ratio (% of working-age population),SP.POP.DPND,1996,90.84353784087604
"Congo, Dem. Rep.",COD,"Fertility rate, total (births per woman)",SP.DYN.TFRT.IN,1996,6.672
"Congo, Dem. Rep.",COD,Population density (people per sq. km of land area),EN.POP.DNST,1996,19.9802051123707
"Congo, Dem. Rep.",COD,Population growth (annual %),SP.POP.GROW,1996,1.92231853470865
"Congo, Dem. Rep.",COD,"Population, total",SP.POP.TOTL,1996,45296124.0
"Congo, Dem. Rep.",COD,Urban population (% of total population),SP.URB.TOTL.IN.ZS,1996,32.9262619269359
"Egypt, Arab Rep.",EGY,Age dependency ratio (% of working-age population),SP.POP.DPND,1996,74.95366777176325
"Egypt, Arab Rep.",EGY,"Fertility rate, total (births per woman)",SP.DYN.TFRT.IN,1996,3.7
"Egypt, Arab Rep.",EGY,Population density (people per sq. km of land area),EN.POP.DNST,1996,67.33441960922195
"Egypt, Arab Rep.",EGY,Population growth (annual %),SP.POP.GROW,1996,2.07336196347662
"Egypt, Arab Rep.",EGY,"Population, total",SP.POP.TOTL,1996,67028048.0
"Egypt, Arab Rep.",EGY,Urban population (% of total population),SP.URB.TOTL.IN.ZS,1996,42.6396966117235
Ethiopia,ETH,Age dependency ratio (% of working-age population),SP.POP.DPND,1996,98.24300772238396
Ethiopia,ETH,"Fertility rate, total (births per woman)",SP.DYN.TFRT.IN,1996,6.928
Ethiopia,ETH,Population density (people per sq. km of land area),EN.POP.DNST,1996,59.467635
Ethiopia,ETH,Population growth (annual %),SP.POP.GROW,1996,3.2998173533243
Ethiopia,ETH,"Population, total",SP.POP.TOTL,1996,59467635.0
Ethiopia,ETH,Urban population (% of total population),SP.URB.TOTL.IN.ZS,1996,14.102746963501
Ghana,GHA,Age dependency ratio (% of working-age population),SP.POP.DPND,1996,87.88016468726393
Ghana,GHA,"Fertility rate, total (births per woman)",SP.DYN.TFRT.IN,1996,4.959
Ghana,GHA,Population density (people per sq. km of land area),EN.POP.DNST,1996,78.27274764876505
Ghana,GHA,Population growth (annual %),SP.POP.GROW,1996,2.33565497080505
Ghana,GHA,"Population, total",SP.POP.TOTL,1996,17810181.0
Ghana,GHA,Urban population (% of total population),SP.URB.TOTL.IN.ZS,1996,40.8143452217336
Kenya,KEN,Age dependency ratio (% of working-age population),SP.POP.DPND,1996,98.50250961017252
Kenya,KEN,"Fertility rate, total (births per woman)",SP.DYN.TFRT.IN,1996,5.307
Kenya,KEN,Population density (people per sq. km of land area),EN.POP.DNST,1996,48.04478862845697
Kenya,KEN,Population growth (annual %),SP.POP.GROW,1996,2.75278021555245
Kenya,KEN,"Population, total",SP.POP.TOTL,1996,27344211.0
Kenya,KEN,Urban population (% of total population),SP.URB.TOTL.IN.ZS,1996,18.6611020359295
Nigeria,NGA,Age dependency ratio (% of working-age population),SP.POP.DPND,1996,89.83531431301796
Nigeria,NGA,"Fertility rate, total (births per woman)",SP.DYN.TFRT.IN,1996,6.217
Nigeria,NGA,Population density (people per sq. km of land area),EN.POP.DNST,1996,124.89956739901402
Nigeria,NGA,Population growth (annual %),SP.POP.GROW,1996,2.61429682326517
Nigeria,NGA,"Population, total",SP.POP.TOTL,1996,113754779.0
Nigeria,NGA,Urban population (% of total population),SP.URB.TOTL.IN.ZS,1996,39.9503563748504
South Africa,ZAF,Age dependency ratio (% of working-age population),SP.POP.DPND,1996,72.02791713445065
South Africa,ZAF,"Fertility rate, total (births per woman)",SP.DYN.TFRT.IN,1996,2.991
South Africa,ZAF,Population density (people per sq. km of land area),EN.POP.DNST,1996,37.19676033929881
South Africa,ZAF,Population growth (annual %),SP.POP.GROW,1996,1.29699420436442
South Africa,ZAF,"Population, total",SP.POP.TOTL,1996,45123018.0
South Africa,ZAF,Urban population (% of total population),SP.URB.TOTL.IN.ZS,1996,53.5749191516739
Cameroon,CMR,Age dependency ratio (% of working-age population),SP.POP.DPND,1997,95.68430127726238
Cameroon,CMR,"Fertility rate, total (births per woman)",SP.DYN.TFRT.IN,1997,5.706
Cameroon,CMR,Population density (people per sq. km of land area),EN.POP.DNST,1997,29.14094053436568
Cameroon,CMR,Population growth (annual %),SP.POP.GROW,1997,2.65155206464138
Cameroon,CMR,"Population, total",SP.POP.TOTL,1997,13775214.0
Cameroon,CMR,Urban population (% of total population),SP.URB.TOTL.IN.ZS,1997,44.5716175641045
"Congo, Dem. Rep.",COD,Age dependency ratio (% of working-age population),SP.POP.DPND,1997,93.50100485796604
"Congo, Dem. Rep.",COD,"Fertility rate, total (births per woman)",SP.DYN.TFRT.IN,1997,6.69
"Congo, Dem. Rep.",COD,Population density (people per sq. km of land area),EN.POP.DNST,1997,20.30387596215346
"Congo, Dem. Rep.",COD,Population growth (annual %),SP.POP.GROW,1997,1.60697628662433
"Congo, Dem. Rep.",COD,"Population, total",SP.POP.TOTL,1997,46029902.0
"Congo, Dem. Rep.",COD,Urban population (% of total population),SP.URB.TOTL.IN.ZS,1997,33.4063254647945
"Egypt, Arab Rep.",EGY,Age dependency ratio (% of working-age population),SP.POP.DPND,1997,73.70847554723822
"Egypt, Arab Rep.",EGY,"Fertility rate, total (births per woman)",SP.DYN.TFRT.IN,1997,3.682
"Egypt, Arab Rep.",EGY,Population density (people per sq. km of land area),EN.POP.DNST,1997,68.74452760058266
"Egypt, Arab Rep.",EGY,Population growth (annual %),SP.POP.GROW,1997,2.07255934283796
"Egypt, Arab Rep.",EGY,"Population, total",SP.POP.TOTL,1997,68431740.0
"Egypt, Arab Rep.",EGY,Urban population (% of total population),SP.URB.TOTL.IN.ZS,1997,42.6357980293511
Ethiopia,ETH,Age dependency ratio (% of working-age population),SP.POP.DPND,1997,99.09246808133564
Ethiopia,ETH,"Fertility rate, total (births per woman)",SP.DYN.TFRT.IN,1997,6.869
Ethiopia,ETH,Population density (people per sq. km of land area),EN.POP.DNST,1997,61.404539
Ethiopia,ETH,Population growth (annual %),SP.POP.GROW,1997,3.20515425246965
Ethiopia,ETH,"Population, total",SP.POP.TOTL,1997,61404539.0
Ethiopia,ETH,Urban population (% of total population),SP.URB.TOTL.IN.ZS,1997,14.3073453903198
Ghana,GHA,Age dependency ratio (% of working-age population),SP.POP.DPND,1997,86.84560477458771
Ghana,GHA,"Fertility rate, total (births per woman)",SP.DYN.TFRT.IN,1997,4.884
Ghana,GHA,Population density (people per sq. km of land area),EN.POP.DNST,1997,80.15715039114002
Ghana,GHA,Population growth (annual %),SP.POP.GROW,1997,2.37895957415826
Ghana,GHA,"Population, total",SP.POP.TOTL,1997,18238958.0
Ghana,GHA,Urban population (% of total population),SP.URB.TOTL.IN.ZS,1997,41.6484565039731
Kenya,KEN,Age dependency ratio (% of working-age population),SP.POP.DPND,1997,97.32539100620772
Kenya,KEN,"Fertility rate, total (births per woman)",SP.DYN.TFRT.IN,1997,5.268
Kenya,KEN,Population density (people per sq. km of land area),EN.POP.DNST,1997,49.37584425624627
Kenya,KEN,Population growth (annual %),SP.POP.GROW,1997,2.73276496655617
Kenya,KEN,"Population, total",SP.POP.TOTL,1997,28101768.0
Kenya,KEN,Urban population (% of total population),SP.URB.TOTL.IN.ZS,1997,18.7575952945971
Nigeria,NGA,Age dependency ratio (% of working-age population),SP.POP.DPND,1997,89.23089445278178
Nigeria,NGA,"Fertility rate, total (births per woman)",SP.DYN.TFRT.IN,1997,6.138
Nigeria,NGA,Population density (people per sq. km of land area),EN.POP.DNST,1997,128.19349780954576
Nigeria,NGA,Population growth (annual %),SP.POP.GROW,1997,2.60308705392213
Nigeria,NGA,"Population, total",SP.POP.TOTL,1997,116754792.0
Nigeria,NGA,Urban population (% of total population),SP.URB.TOTL.IN.ZS,1997,40.7720171281134
South Africa,ZAF,Age dependency ratio (% of working-age population),SP.POP.DPND,1997,71.62318064765233
South Africa,ZAF,"Fertility rate, total (births per woman)",SP.DYN.TFRT.IN,1997,2.734
South Africa,ZAF,Population density (people per sq. km of land area),EN.POP.DNST,1997,37.64505354095739
South Africa,ZAF,Population growth (annual %),SP.POP.GROW,1997,1.19798957270412
South Africa,ZAF,"Population, total",SP.POP.TOTL,1997,45666838.0
South Africa,ZAF,Urban population (% of total population),SP.URB.TOTL.IN.ZS,1997,54.0040163031993
Cameroon,CMR,Age dependency ratio (% of working-age population),SP.POP.DPND,1998,94.7328945868538
Cameroon,CMR,"Fertility rate, total (births per woman)",SP.DYN.TFRT.IN,1998,5.656
Cameroon,CMR,Population density (people per sq. km of land area),EN.POP.DNST,1998,29.92291256795921
Cameroon,CMR,Population growth (annual %),SP.POP.GROW,1998,2.64804169057659
Cameroon,CMR,"Population, total",SP.POP.TOTL,1998,14144860.0
Cameroon,CMR,Urban population (% of total population),SP.URB.TOTL.IN.ZS,1998,45.1484656467721
"Congo, Dem. Rep.",COD,Age dependency ratio (% of working-age population),SP.POP.DPND,1998,94.44935662979546
"Congo, Dem. Rep.",COD,"Fertility rate, total (births per woman)",SP.DYN.TFRT.IN,1998,6.7
"Congo, Dem. Rep.",COD,Population density (people per sq. km of land area),EN.POP.DNST,1998,20.863059923689377
"Congo, Dem. Rep.",COD,Population growth (annual %),SP.POP.GROW,1998,2.7168325472246
"Congo, Dem. Rep.",COD,"Population, total",SP.POP.TOTL,1998,47297600.0
"Congo, Dem. Rep.",COD,Urban population (% of total population),SP.URB.TOTL.IN.ZS,1998,33.8958139811728
"Egypt, Arab Rep.",EGY,Age dependency ratio (% of working-age population),SP.POP.DPND,1998,72.33131083130124
"Egypt, Arab Rep.",EGY,"Fertility rate, total (births per woman)",SP.DYN.TFRT.IN,1998,3.681
"Egypt, Arab Rep.",EGY,Population density (people per sq. km of land area),EN.POP.DNST,1998,70.26299060726305
"Egypt, Arab Rep.",EGY,Population growth (annual %),SP.POP.GROW,1998,2.18480759530922
"Egypt, Arab Rep.",EGY,"Population, total",SP.POP.TOTL,1998,69943294.0
"Egypt, Arab Rep.",EGY,Urban population (% of total population),SP.URB.TOTL.IN.ZS,1998,42.6559554142127
Ethiopia,ETH,Age dependency ratio (% of working-age population),SP.POP.DPND,1998,100.04791916745546
Ethiopia,ETH,"Fertility rate, total (births per woman)",SP.DYN.TFRT.IN,1998,6.792
Ethiopia,ETH,Population density (people per sq. km of land area),EN.POP.DNST,1998,63.363524
Ethiopia,ETH,Population growth (annual %),SP.POP.GROW,1998,3.14046071441714
Ethiopia,ETH,"Population, total",SP.POP.TOTL,1998,63363524.0
Ethiopia,ETH,Urban population (% of total population),SP.URB.TOTL.IN.ZS,1998,14.5135431289673
Ghana,GHA,Age dependency ratio (% of working-age population),SP.POP.DPND,1998,85.51454625609873
Ghana,GHA,"Fertility rate, total (births per woman)",SP.DYN.TFRT.IN,1998,4.829
Ghana,GHA,Population density (people per sq. km of land area),EN.POP.DNST,1998,82.13077261140899
Ghana,GHA,Population growth (annual %),SP.POP.GROW,1998,2.43236771924415
Ghana,GHA,"Population, total",SP.POP.TOTL,1998,18688036.0
Ghana,GHA,Urban population (% of total population),SP.URB.TOTL.IN.ZS,1998,42.4529260811866
Kenya,KEN,Age dependency ratio (% of working-age population),SP.POP.DPND,1998,96.16824177701672
Kenya,KEN,"Fertility rate, total (births per woman)",SP.DYN.TFRT.IN,1998,5.244
Kenya,KEN,Population density (people per sq. km of land area),EN.POP.DNST,1998,50.75738306919212
Kenya,KEN,Population growth (annual %),SP.POP.GROW,1998,2.75957646009425
Kenya,KEN,"Population, total",SP.POP.TOTL,1998,28888057.0
Kenya,KEN,Urban population (% of total population),SP.URB.TOTL.IN.ZS,1998,18.8798697768976
Nigeria,NGA,Age dependency ratio (% of working-age population),SP.POP.DPND,1998,88.60824123069771
Nigeria,NGA,"Fertility rate, total (births per woman)",SP.DYN.TFRT.IN,1998,6.069
Nigeria,NGA,Population density (people per sq. km of land area),EN.POP.DNST,1998,131.58783666567848
Nigeria,NGA,Population growth (annual %),SP.POP.GROW,1998,2.61337639810203
Nigeria,NGA,"Population, total",SP.POP.TOTL,1998,119846254.0
Nigeria,NGA,Urban population (% of total population),SP.URB.TOTL.IN.ZS,1998,41.6009143497997
South Africa,ZAF,Age dependency ratio (% of working-age population),SP.POP.DPND,1998,69.8400738297717
South Africa,ZAF,"Fertility rate, total (births per woman)",SP.DYN.TFRT.IN,1998,2.63
South Africa,ZAF,Population density (people per sq. km of land area),EN.POP.DNST,1998,38.104246181239645
South Africa,ZAF,Population growth (annual %),SP.POP.GROW,1998,1.2124158688717
South Africa,ZAF,"Population, total",SP.POP.TOTL,1998,46223880.0
South Africa,ZAF,Urban population (% of total population),SP.URB.TOTL.IN.ZS,1998,54.6562438276427
Cameroon,CMR,Age dependency ratio (% of working-age population),SP.POP.DPND,1999,93.93393839248807
Cameroon,CMR,"Fertility rate, total (births per woman)",SP.DYN.TFRT.IN,1999,5.604
Cameroon,CMR,Population density (people per sq. km of land area),EN.POP.DNST,1999,30.727380423515477
Cameroon,CMR,Population growth (annual %),SP.POP.GROW,1999,2.65296340314705
Cameroon,CMR,"Population, total",SP.POP.TOTL,1999,14525140.0
Cameroon,CMR,Urban population (% of total population),SP.URB.TOTL.IN.ZS,1999,45.7065709798209
"Congo, Dem. Rep.",COD,Age dependency ratio (% of working-age population),SP.POP.DPND,1999,94.44459307715142
"Congo, Dem. Rep.",COD,"Fertility rate, total (births per woman)",SP.DYN.TFRT.IN,1999,6.692
"Congo, Dem. Rep.",COD,Population density (people per sq. km of land area),EN.POP.DNST,1999,21.575603096535144
"Congo, Dem. Rep.",COD,Population growth (annual %),SP.POP.GROW,1999,3.35830626776397
"Congo, Dem. Rep.",COD,"Population, total",SP.POP.TOTL,1999,48912971.0
"Congo, Dem. Rep.",COD,Urban population (% of total population),SP.URB.TOTL.IN.ZS,1999,34.3941798041357
"Egypt, Arab Rep.",EGY,Age dependency ratio (% of working-age population),SP.POP.DPND,1999,70.86955005190283
"Egypt, Arab Rep.",EGY,"Fertility rate, total (births per woman)",SP.DYN.TFRT.IN,1999,3.599
"Egypt, Arab Rep.",EGY,Population density (people per sq. km of land area),EN.POP.DNST,1999,71.84786177105832
"Egypt, Arab Rep.",EGY,Population growth (annual %),SP.POP.GROW,1999,2.23056416641405
"Egypt, Arab Rep.",EGY,"Population, total",SP.POP.TOTL,1999,71520954.0
"Egypt, Arab Rep.",EGY,Urban population (% of total population),SP.URB.TOTL.IN.ZS,1999,42.6900387539957
Ethiopia,ETH,Age dependency ratio (% of working-age population),SP.POP.DPND,1999,100.86943325619384
Ethiopia,ETH,"Fertility rate, total (births per woman)",SP.DYN.TFRT.IN,1999,6.721
Ethiopia,ETH,Population density (people per sq. km of land area),EN.POP.DNST,1999,65.374561
Ethiopia,ETH,Population growth (annual %),SP.POP.GROW,1999,3.12448426110007
Ethiopia,ETH,"Population, total",SP.POP.TOTL,1999,65374561.0
Ethiopia,ETH,Urban population (% of total population),SP.URB.TOTL.IN.ZS,1999,14.713321685791
Ghana,GHA,Age dependency ratio (% of working-age population),SP.POP.DPND,1999,84.26895799446208
Ghana,GHA,"Fertility rate, total (births per woman)",SP.DYN.TFRT.IN,1999,4.822
Ghana,GHA,Population density (people per sq. km of land area),EN.POP.DNST,1999,84.16042893557177
Ghana,GHA,Population growth (annual %),SP.POP.GROW,1999,2.44120807599366
Ghana,GHA,"Population, total",SP.POP.TOTL,1999,19149864.0
Ghana,GHA,Urban population (% of total population),SP.URB.TOTL.IN.ZS,1999,43.2178251472243
Kenya,KEN,Age dependency ratio (% of working-age population),SP.POP.DPND,1999,94.87556330802973
Kenya,KEN,"Fertility rate, total (births per woman)",SP.DYN.TFRT.IN,1999,5.177
Kenya,KEN,Population density (people per sq. km of land area),EN.POP.DNST,1999,52.242695997469866
Kenya,KEN,Population growth (annual %),SP.POP.GROW,1999,2.88430050146184
Kenya,KEN,"Population, total",SP.POP.TOTL,1999,29733408.0
Kenya,KEN,Urban population (% of total population),SP.URB.TOTL.IN.ZS,1999,19.0288523643308
Nigeria,NGA,Age dependency ratio (% of working-age population),SP.POP.DPND,1999,88.10938852017915
Nigeria,NGA,"Fertility rate, total (births per woman)",SP.DYN.TFRT.IN,1999,6.082
Nigeria,NGA,Population density (people per sq. km of land area),EN.POP.DNST,1999,135.10251764990065
Nigeria,NGA,Population growth (annual %),SP.POP.GROW,1999,2.63592921799734
Nigeria,NGA,"Population, total",SP.POP.TOTL,1999,123047320.0
Nigeria,NGA,Urban population (% of total population),SP.URB.TOTL.IN.ZS,1999,42.4365697715547
South Africa,ZAF,Age dependency ratio (% of working-age population),SP.POP.DPND,1999,67.81846359760631
South Africa,ZAF,"Fertility rate, total (births per woman)",SP.DYN.TFRT.IN,1999,2.559
South Africa,ZAF,Population density (people per sq. km of land area),EN.POP.DNST,1999,38.52173787600261
South Africa,ZAF,Population growth (annual %),SP.POP.GROW,1999,1.08969778624124
South Africa,ZAF,"Population, total",SP.POP.TOTL,1999,46730335.0
South Africa,ZAF,Urban population (% of total population),SP.URB.TOTL.IN.ZS,1999,55.4408521794673
Cameroon,CMR,Age dependency ratio (% of working-age population),SP.POP.DPND,2000,93.17379983937408
Cameroon,CMR,"Fertility rate, total (births per woman)",SP.DYN.TFRT.IN,2000,5.514
Cameroon,CMR,Population density (people per sq. km of land area),EN.POP.DNST,2000,31.54710287491274
Cameroon,CMR,Population growth (annual %),SP.POP.GROW,2000,2.63276307164066
Cameroon,CMR,"Population, total",SP.POP.TOTL,2000,14912631.0
Cameroon,CMR,Urban population (% of total population),SP.URB.TOTL.IN.ZS,2000,46.2449829402599
"Congo, Dem. Rep.",COD,Age dependency ratio (% of working-age population),SP.POP.DPND,2000,94.64734692943192
"Congo, Dem. Rep.",COD,"Fertility rate, total (births per woman)",SP.DYN.TFRT.IN,2000,6.702
"Congo, Dem. Rep.",COD,Population density (people per sq. km of land area),EN.POP.DNST,2000,22.278927240246134
"Congo, Dem. Rep.",COD,Population growth (annual %),SP.POP.GROW,2000,3.20780748301006
"Congo, Dem. Rep.",COD,"Population, total",SP.POP.TOTL,2000,50507442.0
"Congo, Dem. Rep.",COD,Urban population (% of total population),SP.URB.TOTL.IN.ZS,2000,34.9008752617485
"Egypt, Arab Rep.",EGY,Age dependency ratio (% of working-age population),SP.POP.DPND,2000,69.39345498487836
"Egypt, Arab Rep.",EGY,"Fertility rate, total (births per woman)",SP.DYN.TFRT.IN,2000,3.505
"Egypt, Arab Rep.",EGY,Population density (people per sq. km of land area),EN.POP.DNST,2000,73.41733286453363
"Egypt, Arab Rep.",EGY,Population growth (annual %),SP.POP.GROW,2000,2.16091978529782
"Egypt, Arab Rep.",EGY,"Population, total",SP.POP.TOTL,2000,73083284.0
"Egypt, Arab Rep.",EGY,Urban population (% of total population),SP.URB.TOTL.IN.ZS,2000,42.7339398932519
Ethiopia,ETH,Age dependency ratio (% of working-age population),SP.POP.DPND,2000,101.46430009786984
Ethiopia,ETH,"Fertility rate, total (births per woman)",SP.DYN.TFRT.IN,2000,6.654
Ethiopia,ETH,Population density (people per sq. km of land area),EN.POP.DNST,2000,67.411494
Ethiopia,ETH,Population growth (annual %),SP.POP.GROW,2000,3.06823302462214
Ethiopia,ETH,"Population, total",SP.POP.TOTL,2000,67411494.0
Ethiopia,ETH,Urban population (% of total population),SP.URB.TOTL.IN.ZS,2000,14.9193096160889
Ghana,GHA,Age dependency ratio (% of working-age population),SP.POP.DPND,2000,83.1799875094507
Ghana,GHA,"Fertility rate, total (births per woman)",SP.DYN.TFRT.IN,2000,4.827
Ghana,GHA,Population density (people per sq. km of land area),EN.POP.DNST,2000,86.301692010196
Ghana,GHA,Population growth (annual %),SP.POP.GROW,2000,2.51243583964957
Ghana,GHA,"Population, total",SP.POP.TOTL,2000,19637087.0
Ghana,GHA,Urban population (% of total population),SP.URB.TOTL.IN.ZS,2000,43.9373786640616
Kenya,KEN,Age dependency ratio (% of working-age population),SP.POP.DPND,2000,93.443539036463
Kenya,KEN,"Fertility rate, total (births per woman)",SP.DYN.TFRT.IN,2000,5.136
Kenya,KEN,Population density (people per sq. km of land area),EN.POP.DNST,2000,53.84068946129248
Kenya,KEN,Population growth (annual %),SP.POP.GROW,2000,3.01293994477925
Kenya,KEN,"Population, total",SP.POP.TOTL,2000,30642890.0
Kenya,KEN,Urban population (% of total population),SP.URB.TOTL.IN.ZS,2000,19.4553832211834
Nigeria,NGA,Age dependency ratio (% of working-age population),SP.POP.DPND,2000,87.88035376527291
Nigeria,NGA,"Fertility rate, total (births per woman)",SP.DYN.TFRT.IN,2000,6.124
Nigeria,NGA,Population density (people per sq. km of land area),EN.POP.DNST,2000,138.76444546921834
Nigeria,NGA,Population growth (annual %),SP.POP.GROW,2000,2.67439784501828
Nigeria,NGA,"Population, total",SP.POP.TOTL,2000,126382494.0
Nigeria,NGA,Urban population (% of total population),SP.URB.TOTL.IN.ZS,2000,43.2785051250243
South Africa,ZAF,Age dependency ratio (% of working-age population),SP.POP.DPND,2000,65.70270522873153
South Africa,ZAF,"Fertility rate, total (births per woman)",SP.DYN.TFRT.IN,2000,2.413
South Africa,ZAF,Population density (people per sq. km of land area),EN.POP.DNST,2000,38.875696774353095
South Africa,ZAF,Population growth (annual %),SP.POP.GROW,2000,0.914659168313889
South Africa,ZAF,"Population, total",SP.POP.TOTL,2000,47159719.0
South Africa,ZAF,Urban population (% of total population),SP.URB.TOTL.IN.ZS,2000,56.2589954883628
Cameroon,CMR,Age dependency ratio (% of working-age population),SP.POP.DPND,2001,92.34897966209276
Cameroon,CMR,"Fertility rate, total (births per woman)",SP.DYN.TFRT.IN,2001,5.441
Cameroon,CMR,Population density (people per sq. km of land area),EN.POP.DNST,2001,32.38664297349326
Cameroon,CMR,Population growth (annual %),SP.POP.GROW,2001,2.62643255915311
Cameroon,CMR,"Population, total",SP.POP.TOTL,2001,15309490.0
Cameroon,CMR,Urban population (% of total population),SP.URB.TOTL.IN.ZS,2001,46.7627509050978
"Congo, Dem. Rep.",COD,Age dependency ratio (% of working-age population),SP.POP.DPND,2001,94.82708581650829
"Congo, Dem. Rep.",COD,"Fertility rate, total (births per woman)",SP.DYN.TFRT.IN,2001,6.663
"Congo, Dem. Rep.",COD,Population density (people per sq. km of land area),EN.POP.DNST,2001,22.99580776780397
"Congo, Dem. Rep.",COD,Population growth (annual %),SP.POP.GROW,2001,3.1670663452371
"Congo, Dem. Rep.",COD,"Population, total",SP.POP.TOTL,2001,52132646.0
"Congo, Dem. Rep.",COD,Urban population (% of total population),SP.URB.TOTL.IN.ZS,2001,35.4153526820763
"Egypt, Arab Rep.",EGY,Age dependency ratio (% of working-age population),SP.POP.DPND,2001,67.94024225435774
"Egypt, Arab Rep.",EGY,"Fertility rate, total (births per woman)",SP.DYN.TFRT.IN,2001,3.46
"Egypt, Arab Rep.",EGY,Population density (people per sq. km of land area),EN.POP.DNST,2001,74.99324827967251
"Egypt, Arab Rep.",EGY,Population growth (annual %),SP.POP.GROW,2001,2.12380362345226
"Egypt, Arab Rep.",EGY,"Population, total",SP.POP.TOTL,2001,74652029.0
"Egypt, Arab Rep.",EGY,Urban population (% of total population),SP.URB.TOTL.IN.ZS,2001,42.7835506765333
Ethiopia,ETH,Age dependency ratio (% of working-age population),SP.POP.DPND,2001,101.75411533297644
Ethiopia,ETH,"Fertility rate, total (births per woman)",SP.DYN.TFRT.IN,2001,6.579
Ethiopia,ETH,Population density (people per sq. km of land area),EN.POP.DNST,2001,69.487762
Ethiopia,ETH,Population growth (annual %),SP.POP.GROW,2001,3.03351132311934
Ethiopia,ETH,"Population, total",SP.POP.TOTL,2001,69487762.0
Ethiopia,ETH,Urban population (% of total population),SP.URB.TOTL.IN.ZS,2001,15.1177673339844
Ghana,GHA,Age dependency ratio (% of working-age population),SP.POP.DPND,2001,82.03178987896963
Ghana,GHA,"Fertility rate, total (births per woman)",SP.DYN.TFRT.IN,2001,4.768
Ghana,GHA,Population density (people per sq. km of land area),EN.POP.DNST,2001,88.63087369253758
Ghana,GHA,Population growth (annual %),SP.POP.GROW,2001,2.6631054412646
Ghana,GHA,"Population, total",SP.POP.TOTL,2001,20167069.0
Ghana,GHA,Urban population (% of total population),SP.URB.TOTL.IN.ZS,2001,44.6410507317701
Kenya,KEN,Age dependency ratio (% of working-age population),SP.POP.DPND,2001,91.94716810101664
Kenya,KEN,"Fertility rate, total (births per woman)",SP.DYN.TFRT.IN,2001,5.094
Kenya,KEN,Population density (people per sq. km of land area),EN.POP.DNST,2001,55.556049478160034
Kenya,KEN,Population growth (annual %),SP.POP.GROW,2001,3.13629206541925
Kenya,KEN,"Population, total",SP.POP.TOTL,2001,31619170.0
Kenya,KEN,Urban population (% of total population),SP.URB.TOTL.IN.ZS,2001,20.4416297068833
Nigeria,NGA,Age dependency ratio (% of working-age population),SP.POP.DPND,2001,87.86609902321707
Nigeria,NGA,"Fertility rate, total (births per woman)",SP.DYN.TFRT.IN,2001,6.128
Nigeria,NGA,Population density (people per sq. km of land area),EN.POP.DNST,2001,142.58549908319335
Nigeria,NGA,Population growth (annual %),SP.POP.GROW,2001,2.7163954653619
Nigeria,NGA,"Population, total",SP.POP.TOTL,2001,129862595.0
Nigeria,NGA,Urban population (% of total population),SP.URB.TOTL.IN.ZS,2001,44.1262421418539
South Africa,ZAF,Age dependency ratio (% of working-age population),SP.POP.DPND,2001,63.54386091461931
South Africa,ZAF,"Fertility rate, total (births per woman)",SP.DYN.TFRT.IN,2001,2.373
South Africa,ZAF,Population density (people per sq. km of land area),EN.POP.DNST,2001,39.211270392139085
South Africa,ZAF,Population growth (annual %),SP.POP.GROW,2001,0.859492168208101
South Africa,ZAF,"Population, total",SP.POP.TOTL,2001,47566800.0
South Africa,ZAF,Urban population (% of total population),SP.URB.TOTL.IN.ZS,2001,57.0014339378269
Cameroon,CMR,Age dependency ratio (% of working-age population),SP.POP.DPND,2002,91.4731847916586
Cameroon,CMR,"Fertility rate, total (births per woman)",SP.DYN.TFRT.IN,2002,5.435
Cameroon,CMR,Population density (people per sq. km of land area),EN.POP.DNST,2002,33.26675551606694
Cameroon,CMR,Population growth (annual %),SP.POP.GROW,2002,2.68124815756453
Cameroon,CMR,"Population, total",SP.POP.TOTL,2002,15725528.0
Cameroon,CMR,Urban population (% of total population),SP.URB.TOTL.IN.ZS,2002,47.2589242513436
"Congo, Dem. Rep.",COD,Age dependency ratio (% of working-age population),SP.POP.DPND,2002,95.0615717200852
"Congo, Dem. Rep.",COD,"Fertility rate, total (births per woman)",SP.DYN.TFRT.IN,2002,6.606
"Congo, Dem. Rep.",COD,Population density (people per sq. km of land area),EN.POP.DNST,2002,23.709456783044043
"Congo, Dem. Rep.",COD,Population growth (annual %),SP.POP.GROW,2002,3.05620605844951
"Congo, Dem. Rep.",COD,"Population, total",SP.POP.TOTL,2002,53750524.0
"Congo, Dem. Rep.",COD,Urban population (% of total population),SP.URB.TOTL.IN.ZS,2002,35.937064393184
"Egypt, Arab Rep.",EGY,Age dependency ratio (% of working-age population),SP.POP.DPND,2002,66.56014619707243
"Egypt, Arab Rep.",EGY,"Fertility rate, total (births per woman)",SP.DYN.TFRT.IN,2002,3.412
"Egypt, Arab Rep.",EGY,Population density (people per sq. km of land area),EN.POP.DNST,2002,76.58761062835903
"Egypt, Arab Rep.",EGY,Population growth (annual %),SP.POP.GROW,2002,2.10372359745955
"Egypt, Arab Rep.",EGY,"Population, total",SP.POP.TOTL,2002,76239137.0
"Egypt, Arab Rep.",EGY,Urban population (% of total population),SP.URB.TOTL.IN.ZS,2002,42.8347629483917
Ethiopia,ETH,Age dependency ratio (% of working-age population),SP.POP.DPND,2002,101.6743906822629
Ethiopia,ETH,"Fertility rate, total (births per woman)",SP.DYN.TFRT.IN,2002,6.499
Ethiopia,ETH,Population density (people per sq. km of land area),EN.POP.DNST,2002,71.635517
Ethiopia,ETH,Population growth (annual %),SP.POP.GROW,2002,3.04403477269573
Ethiopia,ETH,"Population, total",SP.POP.TOTL,2002,71635517.0
Ethiopia,ETH,Urban population (% of total population),SP.URB.TOTL.IN.ZS,2002,15.333233833313
Ghana,GHA,Age dependency ratio (% of working-age population),SP.POP.DPND,2002,80.8269838475642
Ghana,GHA,"Fertility rate, total (births per woman)",SP.DYN.TFRT.IN,2002,4.687
Ghana,GHA,Population density (people per sq. km of land area),EN.POP.DNST,2002,91.10217104684892
Ghana,GHA,Population growth (annual %),SP.POP.GROW,2002,2.75013769977312
Ghana,GHA,"Population, total",SP.POP.TOTL,2002,20729388.0
Ghana,GHA,Urban population (% of total population),SP.URB.TOTL.IN.ZS,2002,45.3484692124806
Kenya,KEN,Age dependency ratio (% of working-age population),SP.POP.DPND,2002,90.52932312001396
Kenya,KEN,"Fertility rate, total (births per woman)",SP.DYN.TFRT.IN,2002,5.027
Kenya,KEN,Population density (people per sq. km of land area),EN.POP.DNST,2002,57.33177776996872
Kenya,KEN,Population growth (annual %),SP.POP.GROW,2002,3.14626442047843
Kenya,KEN,"Population, total",SP.POP.TOTL,2002,32629808.0
Kenya,KEN,Urban population (% of total population),SP.URB.TOTL.IN.ZS,2002,21.8586568137501
Nigeria,NGA,Age dependency ratio (% of working-age population),SP.POP.DPND,2002,87.98875661734294
Nigeria,NGA,"Fertility rate, total (births per woman)",SP.DYN.TFRT.IN,2002,6.116
Nigeria,NGA,Population density (people per sq. km of land area),EN.POP.DNST,2002,146.5485127968642
Nigeria,NGA,Population growth (annual %),SP.POP.GROW,2002,2.74147056608815
Nigeria,NGA,"Population, total",SP.POP.TOTL,2002,133471989.0
Nigeria,NGA,Urban population (% of total population),SP.URB.TOTL.IN.ZS,2002,44.9793025536893
South Africa,ZAF,Age dependency ratio (% of working-age population),SP.POP.DPND,2002,61.40677841449417
South Africa,ZAF,"Fertility rate, total (births per woman)",SP.DYN.TFRT.IN,2002,2.324
South Africa,ZAF,Population density (people per sq. km of land area),EN.POP.DNST,2002,39.58437955963696
South Africa,ZAF,Population growth (annual %),SP.POP.GROW,2002,0.947036940076663
South Africa,ZAF,"Population, total",SP.POP.TOTL,2002,48019415.0
South Africa,ZAF,Urban population (% of total population),SP.URB.TOTL.IN.ZS,2002,57.6723587528482
Cameroon,CMR,Age dependency ratio (% of working-age population),SP.POP.DPND,2003,90.69035299392895
Cameroon,CMR,"Fertility rate, total (births per woman)",SP.DYN.TFRT.IN,2003,5.432
Cameroon,CMR,Population density (people per sq. km of land area),EN.POP.DNST,2003,34.186583740559755
Cameroon,CMR,Population growth (annual %),SP.POP.GROW,2003,2.72747133462562
Cameroon,CMR,"Population, total",SP.POP.TOTL,2003,16160340.0
Cameroon,CMR,Urban population (% of total population),SP.URB.TOTL.IN.ZS,2003,47.7325523560061
"Congo, Dem. Rep.",COD,Age dependency ratio (% of working-age population),SP.POP.DPND,2003,95.39737868758978
"Congo, Dem. Rep.",COD,"Fertility rate, total (births per woman)",SP.DYN.TFRT.IN,2003,6.549
"Congo, Dem. Rep.",COD,Population density (people per sq. km of land area),EN.POP.DNST,2003,24.41228336384288
"Congo, Dem. Rep.",COD,Population growth (annual %),SP.POP.GROW,2003,2.92124332432638
"Congo, Dem. Rep.",COD,"Population, total",SP.POP.TOTL,2003,55343867.0
"Congo, Dem. Rep.",COD,Urban population (% of total population),SP.URB.TOTL.IN.ZS,2003,36.4654627231369
"Egypt, Arab Rep.",EGY,Age dependency ratio (% of working-age population),SP.POP.DPND,2003,65.20380923732178
"Egypt, Arab Rep.",EGY,"Fertility rate, total (births per woman)",SP.DYN.TFRT.IN,2003,3.352
"Egypt, Arab Rep.",EGY,Population density (people per sq. km of land area),EN.POP.DNST,2003,78.20940077351952
"Egypt, Arab Rep.",EGY,Population growth (annual %),SP.POP.GROW,2003,2.09545323003183
"Egypt, Arab Rep.",EGY,"Population, total",SP.POP.TOTL,2003,77853548.0
"Egypt, Arab Rep.",EGY,Urban population (% of total population),SP.URB.TOTL.IN.ZS,2003,42.8834685533792
Ethiopia,ETH,Age dependency ratio (% of working-age population),SP.POP.DPND,2003,101.34073968549764
Ethiopia,ETH,"Fertility rate, total (births per woman)",SP.DYN.TFRT.IN,2003,6.4
Ethiopia,ETH,Population density (people per sq. km of land area),EN.POP.DNST,2003,73.832663
Ethiopia,ETH,Population growth (annual %),SP.POP.GROW,2003,3.02102233073437
Ethiopia,ETH,"Population, total",SP.POP.TOTL,2003,73832663.0
Ethiopia,ETH,Urban population (% of total population),SP.URB.TOTL.IN.ZS,2003,15.5438537597656
Ghana,GHA,Age dependency ratio (% of working-age population),SP.POP.DPND,2003,79.71652715384133
Ghana,GHA,"Fertility rate, total (births per woman)",SP.DYN.TFRT.IN,2003,4.597
Ghana,GHA,Population density (people per sq. km of land area),EN.POP.DNST,2003,93.5954337698866
Ghana,GHA,Population growth (annual %),SP.POP.GROW,2003,2.69999623325849
Ghana,GHA,"Population, total",SP.POP.TOTL,2003,21296705.0
Ghana,GHA,Urban population (% of total population),SP.URB.TOTL.IN.ZS,2003,46.0547973581418
Kenya,KEN,Age dependency ratio (% of working-age population),SP.POP.DPND,2003,89.25894521284377
Kenya,KEN,"Fertility rate, total (births per woman)",SP.DYN.TFRT.IN,2003,4.937
Kenya,KEN,Population density (people per sq. km of land area),EN.POP.DNST,2003,59.12819868573637
Kenya,KEN,Population growth (annual %),SP.POP.GROW,2003,3.08528898836117
Kenya,KEN,"Population, total",SP.POP.TOTL,2003,33652223.0
Kenya,KEN,Urban population (% of total population),SP.URB.TOTL.IN.ZS,2003,23.563889811899
Nigeria,NGA,Age dependency ratio (% of working-age population),SP.POP.DPND,2003,88.20164666134518
Nigeria,NGA,"Fertility rate, total (births per woman)",SP.DYN.TFRT.IN,2003,6.1
Nigeria,NGA,Population density (people per sq. km of land area),EN.POP.DNST,2003,150.6446676987604
Nigeria,NGA,Population growth (annual %),SP.POP.GROW,2003,2.75673506428828
Nigeria,NGA,"Population, total",SP.POP.TOTL,2003,137202644.0
Nigeria,NGA,Urban population (% of total population),SP.URB.TOTL.IN.ZS,2003,45.8372080921761
South Africa,ZAF,Age dependency ratio (% of working-age population),SP.POP.DPND,2003,59.45525216352101
South Africa,ZAF,"Fertility rate, total (births per woman)",SP.DYN.TFRT.IN,2003,2.358
South Africa,ZAF,Population density (people per sq. km of land area),EN.POP.DNST,2003,39.98083241968856
South Africa,ZAF,Population growth (annual %),SP.POP.GROW,2003,0.996556488051653
South Africa,ZAF,"Population, total",SP.POP.TOTL,2003,48500348.0
South Africa,ZAF,Urban population (% of total population),SP.URB.TOTL.IN.ZS,2003,58.3724341232066
Cameroon,CMR,Age dependency ratio (% of working-age population),SP.POP.DPND,2004,90.06519125020897
Cameroon,CMR,"Fertility rate, total (births per woman)",SP.DYN.TFRT.IN,2004,5.436
Cameroon,CMR,Population density (people per sq. km of land area),EN.POP.DNST,2004,35.13885257345942
Cameroon,CMR,Population growth (annual %),SP.POP.GROW,2004,2.74741504067453
Cameroon,CMR,"Population, total",SP.POP.TOTL,2004,16610487.0
Cameroon,CMR,Urban population (% of total population),SP.URB.TOTL.IN.ZS,2004,48.1826845960942
"Congo, Dem. Rep.",COD,Age dependency ratio (% of working-age population),SP.POP.DPND,2004,95.65053342799531
"Congo, Dem. Rep.",COD,"Fertility rate, total (births per woman)",SP.DYN.TFRT.IN,2004,6.53
"Congo, Dem. Rep.",COD,Population density (people per sq. km of land area),EN.POP.DNST,2004,25.14181028208465
"Congo, Dem. Rep.",COD,Population growth (annual %),SP.POP.GROW,2004,2.94457864295254
"Congo, Dem. Rep.",COD,"Population, total",SP.POP.TOTL,2004,56997741.0
"Congo, Dem. Rep.",COD,Urban population (% of total population),SP.URB.TOTL.IN.ZS,2004,37.0
"Egypt, Arab Rep.",EGY,Age dependency ratio (% of working-age population),SP.POP.DPND,2004,63.911703773231466
"Egypt, Arab Rep.",EGY,"Fertility rate, total (births per woman)",SP.DYN.TFRT.IN,2004,3.283
"Egypt, Arab Rep.",EGY,Population density (people per sq. km of land area),EN.POP.DNST,2004,79.84071826811994
"Egypt, Arab Rep.",EGY,Population growth (annual %),SP.POP.GROW,2004,2.06437734857129
"Egypt, Arab Rep.",EGY,"Population, total",SP.POP.TOTL,2004,79477443.0
"Egypt, Arab Rep.",EGY,Urban population (% of total population),SP.URB.TOTL.IN.ZS,2004,42.9255593360476
Ethiopia,ETH,Age dependency ratio (% of working-age population),SP.POP.DPND,2004,100.86532623213476
Ethiopia,ETH,"Fertility rate, total (births per woman)",SP.DYN.TFRT.IN,2004,6.301
Ethiopia,ETH,Population density (people per sq. km of land area),EN.POP.DNST,2004,67.40863725263209
Ethiopia,ETH,Population growth (annual %),SP.POP.GROW,2004,2.99474712931538
Ethiopia,ETH,"Population, total",SP.POP.TOTL,2004,76077206.0
Ethiopia,ETH,Urban population (% of total population),SP.URB.TOTL.IN.ZS,2004,15.7585906982422
Ghana,GHA,Age dependency ratio (% of working-age population),SP.POP.DPND,2004,78.67727178839564
Ghana,GHA,"Fertility rate, total (births per woman)",SP.DYN.TFRT.IN,2004,4.504
Ghana,GHA,Population density (people per sq. km of land area),EN.POP.DNST,2004,96.1074887931792
Ghana,GHA,Population growth (annual %),SP.POP.GROW,2004,2.64856422445373
Ghana,GHA,"Population, total",SP.POP.TOTL,2004,21868298.0
Ghana,GHA,Urban population (% of total population),SP.URB.TOTL.IN.ZS,2004,46.7572004525685
Kenya,KEN,Age dependency ratio (% of working-age population),SP.POP.DPND,2004,88.05968055031263
Kenya,KEN,"Fertility rate, total (births per woman)",SP.DYN.TFRT.IN,2004,4.861
Kenya,KEN,Population density (people per sq. km of land area),EN.POP.DNST,2004,60.99282250412904
Kenya,KEN,Population growth (annual %),SP.POP.GROW,2004,3.10482476419105
Kenya,KEN,"Population, total",SP.POP.TOTL,2004,34713455.0
Kenya,KEN,Urban population (% of total population),SP.URB.TOTL.IN.ZS,2004,25.4147539714454
Nigeria,NGA,Age dependency ratio (% of working-age population),SP.POP.DPND,2004,88.43230642700271
Nigeria,NGA,"Fertility rate, total (births per woman)",SP.DYN.TFRT.IN,2004,6.09
Nigeria,NGA,Population density (people per sq. km of land area),EN.POP.DNST,2004,154.87669224941533
Nigeria,NGA,Population growth (annual %),SP.POP.GROW,2004,2.77053967849452
Nigeria,NGA,"Population, total",SP.POP.TOTL,2004,141057045.0
Nigeria,NGA,Urban population (% of total population),SP.URB.TOTL.IN.ZS,2004,46.6994804889599
South Africa,ZAF,Age dependency ratio (% of working-age population),SP.POP.DPND,2004,57.85877214828216
South Africa,ZAF,"Fertility rate, total (births per woman)",SP.DYN.TFRT.IN,2004,2.436
South Africa,ZAF,Population density (people per sq. km of land area),EN.POP.DNST,2004,40.38564409895391
South Africa,ZAF,Population growth (annual %),SP.POP.GROW,2004,1.00742279739678
South Africa,ZAF,"Population, total",SP.POP.TOTL,2004,48991421.0
South Africa,ZAF,Urban population (% of total population),SP.URB.TOTL.IN.ZS,2004,59.0977390950102
Cameroon,CMR,Age dependency ratio (% of working-age population),SP.POP.DPND,2005,89.5663529097767
Cameroon,CMR,"Fertility rate, total (births per woman)",SP.DYN.TFRT.IN,2005,5.421
Cameroon,CMR,Population density (people per sq. km of land area),EN.POP.DNST,2005,36.12065325463815
Cameroon,CMR,Population growth (annual %),SP.POP.GROW,2005,2.75573848394242
Cameroon,CMR,"Population, total",SP.POP.TOTL,2005,17074594.0
Cameroon,CMR,Urban population (% of total population),SP.URB.TOTL.IN.ZS,2005,48.5837852394685
"Congo, Dem. Rep.",COD,Age dependency ratio (% of working-age population),SP.POP.DPND,2005,95.74576017907876
"Congo, Dem. Rep.",COD,"Fertility rate, total (births per woman)",SP.DYN.TFRT.IN,2005,6.526
"Congo, Dem. Rep.",COD,Population density (people per sq. km of land area),EN.POP.DNST,2005,25.92608191261772
"Congo, Dem. Rep.",COD,Population growth (annual %),SP.POP.GROW,2005,3.07172770424984
"Congo, Dem. Rep.",COD,"Population, total",SP.POP.TOTL,2005,58775724.0
"Congo, Dem. Rep.",COD,Urban population (% of total population),SP.URB.TOTL.IN.ZS,2005,37.4018738621901
"Egypt, Arab Rep.",EGY,Age dependency ratio (% of working-age population),SP.POP.DPND,2005,62.78035684103479
"Egypt, Arab Rep.",EGY,"Fertility rate, total (births per woman)",SP.DYN.TFRT.IN,2005,3.254
"Egypt, Arab Rep.",EGY,Population density (people per sq. km of land area),EN.POP.DNST,2005,81.47170023607414
"Egypt, Arab Rep.",EGY,Population growth (annual %),SP.POP.GROW,2005,2.02220952721924
"Egypt, Arab Rep.",EGY,"Population, total",SP.POP.TOTL,2005,81101004.0
"Egypt, Arab Rep.",EGY,Urban population (% of total population),SP.URB.TOTL.IN.ZS,2005,42.9569271409488
Ethiopia,ETH,Age dependency ratio (% of working-age population),SP.POP.DPND,2005,100.27472026184728
Ethiopia,ETH,"Fertility rate, total (births per woman)",SP.DYN.TFRT.IN,2005,6.194
Ethiopia,ETH,Population density (people per sq. km of land area),EN.POP.DNST,2005,69.43778476657536
Ethiopia,ETH,Population growth (annual %),SP.POP.GROW,2005,2.96602247201649
Ethiopia,ETH,"Population, total",SP.POP.TOTL,2005,78367470.0
Ethiopia,ETH,Urban population (% of total population),SP.URB.TOTL.IN.ZS,2005,15.982967376709
Ghana,GHA,Age dependency ratio (% of working-age population),SP.POP.DPND,2005,77.7192578163005
Ghana,GHA,"Fertility rate, total (births per woman)",SP.DYN.TFRT.IN,2005,4.496
Ghana,GHA,Population density (people per sq. km of land area),EN.POP.DNST,2005,98.6615012745012
Ghana,GHA,Population growth (annual %),SP.POP.GROW,2005,2.62275723095941
Ghana,GHA,"Population, total",SP.POP.TOTL,2005,22449438.0
Ghana,GHA,Urban population (% of total population),SP.URB.TOTL.IN.ZS,2005,47.4528437795757
Kenya,KEN,Age dependency ratio (% of working-age population),SP.POP.DPND,2005,87.04866940989858
Kenya,KEN,"Fertility rate, total (births per woman)",SP.DYN.TFRT.IN,2005,4.801
Kenya,KEN,Population density (people per sq. km of land area),EN.POP.DNST,2005,62.89574445654848
Kenya,KEN,Population growth (annual %),SP.POP.GROW,2005,3.07223123352542
Kenya,KEN,"Population, total",SP.POP.TOTL,2005,35796484.0
Kenya,KEN,Urban population (% of total population),SP.URB.TOTL.IN.ZS,2005,27.2686745625048
Nigeria,NGA,Age dependency ratio (% of working-age population),SP.POP.DPND,2005,88.70136026824989
Nigeria,NGA,"Fertility rate, total (births per woman)",SP.DYN.TFRT.IN,2005,6.063
Nigeria,NGA,Population density (people per sq. km of land area),EN.POP.DNST,2005,159.22488992830242
Nigeria,NGA,Population growth (annual %),SP.POP.GROW,2005,2.76883385211034
Nigeria,NGA,"Population, total",SP.POP.TOTL,2005,145017253.0
Nigeria,NGA,Urban population (% of total population),SP.URB.TOTL.IN.ZS,2005,47.5656414756863
South Africa,ZAF,Age dependency ratio (% of working-age population),SP.POP.DPND,2005,56.65103797463546
South Africa,ZAF,"Fertility rate, total (births per woman)",SP.DYN.TFRT.IN,2005,2.512
South Africa,ZAF,Population density (people per sq. km of land area),EN.POP.DNST,2005,40.796670486113975
South Africa,ZAF,Population growth (annual %),SP.POP.GROW,2005,1.01260946155511
South Africa,ZAF,"Population, total",SP.POP.TOTL,2005,49490033.0
South Africa,ZAF,Urban population (% of total population),SP.URB.TOTL.IN.ZS,2005,59.8241758378997
Cameroon,CMR,Age dependency ratio (% of working-age population),SP.POP.DPND,2006,89.14183972653849
Cameroon,CMR,"Fertility rate, total (births per woman)",SP.DYN.TFRT.IN,2006,5.369
Cameroon,CMR,Population density (people per sq. km of land area),EN.POP.DNST,2006,37.12721753294832
Cameroon,CMR,Population growth (annual %),SP.POP.GROW,2006,2.74855128044116
Cameroon,CMR,"Population, total",SP.POP.TOTL,2006,17550407.0
Cameroon,CMR,Urban population (% of total population),SP.URB.TOTL.IN.ZS,2006,49.2044173412861
"Congo, Dem. Rep.",COD,Age dependency ratio (% of working-age population),SP.POP.DPND,2006,95.89958250406232
"Congo, Dem. Rep.",COD,"Fertility rate, total (births per woman)",SP.DYN.TFRT.IN,2006,6.547
"Congo, Dem. Rep.",COD,Population density (people per sq. km of land area),EN.POP.DNST,2006,26.73779052072076
"Congo, Dem. Rep.",COD,Population growth (annual %),SP.POP.GROW,2006,3.08284543640824
"Congo, Dem. Rep.",COD,"Population, total",SP.POP.TOTL,2006,60615908.0
"Congo, Dem. Rep.",COD,Urban population (% of total population),SP.URB.TOTL.IN.ZS,2006,37.8024827128113
"Egypt, Arab Rep.",EGY,Age dependency ratio (% of working-age population),SP.POP.DPND,2006,61.8838704393503
"Egypt, Arab Rep.",EGY,"Fertility rate, total (births per woman)",SP.DYN.TFRT.IN,2006,3.223
"Egypt, Arab Rep.",EGY,Population density (people per sq. km of land area),EN.POP.DNST,2006,83.07840976442814
"Egypt, Arab Rep.",EGY,Population growth (annual %),SP.POP.GROW,2006,1.95291342300488
"Egypt, Arab Rep.",EGY,"Population, total",SP.POP.TOTL,2006,82700403.0
"Egypt, Arab Rep.",EGY,Urban population (% of total population),SP.URB.TOTL.IN.ZS,2006,42.9729991680104
Ethiopia,ETH,Age dependency ratio (% of working-age population),SP.POP.DPND,2006,99.50057795809236
Ethiopia,ETH,"Fertility rate, total (births per woman)",SP.DYN.TFRT.IN,2006,6.047
Ethiopia,ETH,Population density (people per sq. km of land area),EN.POP.DNST,2006,71.50677486316836
Ethiopia,ETH,Population growth (annual %),SP.POP.GROW,2006,2.93729031507005
Ethiopia,ETH,"Population, total",SP.POP.TOTL,2006,80703490.0
Ethiopia,ETH,Urban population (% of total population),SP.URB.TOTL.IN.ZS,2006,16.2148475646973
Ghana,GHA,Age dependency ratio (% of working-age population),SP.POP.DPND,2006,76.84252368401198
Ghana,GHA,"Fertility rate, total (births per woman)",SP.DYN.TFRT.IN,2006,4.399
Ghana,GHA,Population density (people per sq. km of land area),EN.POP.DNST,2006,101.26000703173068
Ghana,GHA,Population growth (annual %),SP.POP.GROW,2006,2.59967236461776
Ghana,GHA,"Population, total",SP.POP.TOTL,2006,23040702.0
Ghana,GHA,Urban population (% of total population),SP.URB.TOTL.IN.ZS,2006,48.1388926229785
Kenya,KEN,Age dependency ratio (% of working-age population),SP.POP.DPND,2006,86.23728746842447
Kenya,KEN,"Fertility rate, total (births per woman)",SP.DYN.TFRT.IN,2006,4.754
Kenya,KEN,Population density (people per sq. km of land area),EN.POP.DNST,2006,64.84170502863971
Kenya,KEN,Population growth (annual %),SP.POP.GROW,2006,3.04704867411558
Kenya,KEN,"Population, total",SP.POP.TOTL,2006,36904008.0
Kenya,KEN,Urban population (% of total population),SP.URB.TOTL.IN.ZS,2006,28.9830768551925
Nigeria,NGA,Age dependency ratio (% of working-age population),SP.POP.DPND,2006,89.03703310327414
Nigeria,NGA,"Fertility rate, total (births per woman)",SP.DYN.TFRT.IN,2006,6.053
Nigeria,NGA,Population density (people per sq. km of land area),EN.POP.DNST,2006,163.6827453693029
Nigeria,NGA,Population growth (annual %),SP.POP.GROW,2006,2.76124698861505
Nigeria,NGA,"Population, total",SP.POP.TOTL,2006,149077334.0
Nigeria,NGA,Urban population (% of total population),SP.URB.TOTL.IN.ZS,2006,48.424271994461
South Africa,ZAF,Age dependency ratio (% of working-age population),SP.POP.DPND,2006,55.68531127906399
South Africa,ZAF,"Fertility rate, total (births per woman)",SP.DYN.TFRT.IN,2006,2.548
South Africa,ZAF,Population density (people per sq. km of land area),EN.POP.DNST,2006,41.21563692718595
South Africa,ZAF,Population growth (annual %),SP.POP.GROW,2006,1.02172490694402
South Africa,ZAF,"Population, total",SP.POP.TOTL,2006,49998277.0
South Africa,ZAF,Urban population (% of total population),SP.URB.TOTL.IN.ZS,2006,60.5276465215157
Cameroon,CMR,Age dependency ratio (% of working-age population),SP.POP.DPND,2007,88.70664217752619
Cameroon,CMR,"Fertility rate, total (births per woman)",SP.DYN.TFRT.IN,2007,5.343
Cameroon,CMR,Population density (people per sq. km of land area),EN.POP.DNST,2007,38.18386748746589
Cameroon,CMR,Population growth (annual %),SP.POP.GROW,2007,2.80627824632764
Cameroon,CMR,"Population, total",SP.POP.TOTL,2007,18049896.0
Cameroon,CMR,Urban population (% of total population),SP.URB.TOTL.IN.ZS,2007,49.7027028593758
"Congo, Dem. Rep.",COD,Age dependency ratio (% of working-age population),SP.POP.DPND,2007,96.20538694865652
"Congo, Dem. Rep.",COD,"Fertility rate, total (births per woman)",SP.DYN.TFRT.IN,2007,6.559
"Congo, Dem. Rep.",COD,Population density (people per sq. km of land area),EN.POP.DNST,2007,27.559053395381664
"Congo, Dem. Rep.",COD,Population growth (annual %),SP.POP.GROW,2007,3.02531584938763
"Congo, Dem. Rep.",COD,"Population, total",SP.POP.TOTL,2007,62477752.0
"Congo, Dem. Rep.",COD,Urban population (% of total population),SP.URB.TOTL.IN.ZS,2007,38.201781337298
"Egypt, Arab Rep.",EGY,Age dependency ratio (% of working-age population),SP.POP.DPND,2007,61.26571547653599
"Egypt, Arab Rep.",EGY,"Fertility rate, total (births per woman)",SP.DYN.TFRT.IN,2007,3.237
"Egypt, Arab Rep.",EGY,Population density (people per sq. km of land area),EN.POP.DNST,2007,84.6614345270983
"Egypt, Arab Rep.",EGY,Population growth (annual %),SP.POP.GROW,2007,1.88753217077119
"Egypt, Arab Rep.",EGY,"Population, total",SP.POP.TOTL,2007,84276225.0
"Egypt, Arab Rep.",EGY,Urban population (% of total population),SP.URB.TOTL.IN.ZS,2007,42.9729666344509
Ethiopia,ETH,Age dependency ratio (% of working-age population),SP.POP.DPND,2007,98.45154800782178
Ethiopia,ETH,"Fertility rate, total (births per woman)",SP.DYN.TFRT.IN,2007,5.887
Ethiopia,ETH,Population density (people per sq. km of land area),EN.POP.DNST,2007,73.63186220618392
Ethiopia,ETH,Population growth (annual %),SP.POP.GROW,2007,2.93015925736888
Ethiopia,ETH,"Population, total",SP.POP.TOTL,2007,83103217.0
Ethiopia,ETH,Urban population (% of total population),SP.URB.TOTL.IN.ZS,2007,16.0948330261902
Ghana,GHA,Age dependency ratio (% of working-age population),SP.POP.DPND,2007,75.97297006209892
Ghana,GHA,"Fertility rate, total (births per woman)",SP.DYN.TFRT.IN,2007,4.288
Ghana,GHA,Population density (people per sq. km of land area),EN.POP.DNST,2007,103.90383668805484
Ghana,GHA,Population growth (annual %),SP.POP.GROW,2007,2.57742881770877
Ghana,GHA,"Population, total",SP.POP.TOTL,2007,23642279.0
Ghana,GHA,Urban population (% of total population),SP.URB.TOTL.IN.ZS,2007,48.8125122665918
Kenya,KEN,Age dependency ratio (% of working-age population),SP.POP.DPND,2007,85.63220104550636
Kenya,KEN,"Fertility rate, total (births per woman)",SP.DYN.TFRT.IN,2007,4.718
Kenya,KEN,Population density (people per sq. km of land area),EN.POP.DNST,2007,66.83126998629511
Kenya,KEN,Population growth (annual %),SP.POP.GROW,2007,3.02220921188685
Kenya,KEN,"Population, total",SP.POP.TOTL,2007,38036349.0
Kenya,KEN,Urban population (% of total population),SP.URB.TOTL.IN.ZS,2007,30.4153861196239
Nigeria,NGA,Age dependency ratio (% of working-age population),SP.POP.DPND,2007,89.37174790652259
Nigeria,NGA,"Fertility rate, total (births per woman)",SP.DYN.TFRT.IN,2007,6.027
Nigeria,NGA,Population density (people per sq. km of land area),EN.POP.DNST,2007,168.28316808854046
Nigeria,NGA,Population growth (annual %),SP.POP.GROW,2007,2.77180099910734
Nigeria,NGA,"Population, total",SP.POP.TOTL,2007,153267261.0
Nigeria,NGA,Urban population (% of total population),SP.URB.TOTL.IN.ZS,2007,49.2357987173198
South Africa,ZAF,Age dependency ratio (% of working-age population),SP.POP.DPND,2007,54.847791051060746
South Africa,ZAF,"Fertility rate, total (births per woman)",SP.DYN.TFRT.IN,2007,2.545
South Africa,ZAF,Population density (people per sq. km of land area),EN.POP.DNST,2007,41.65279080694755
South Africa,ZAF,Population growth (annual %),SP.POP.GROW,2007,1.05506511201209
South Africa,ZAF,"Population, total",SP.POP.TOTL,2007,50528584.0
South Africa,ZAF,Urban population (% of total population),SP.URB.TOTL.IN.ZS,2007,61.1840533154988
Cameroon,CMR,Age dependency ratio (% of working-age population),SP.POP.DPND,2008,88.28829778617451
Cameroon,CMR,"Fertility rate, total (births per woman)",SP.DYN.TFRT.IN,2008,5.294
Cameroon,CMR,Population density (people per sq. km of land area),EN.POP.DNST,2008,39.29270800279241
Cameroon,CMR,Population growth (annual %),SP.POP.GROW,2008,2.86258453269924
Cameroon,CMR,"Population, total",SP.POP.TOTL,2008,18574056.0
Cameroon,CMR,Urban population (% of total population),SP.URB.TOTL.IN.ZS,2008,50.0858325268669
"Congo, Dem. Rep.",COD,Age dependency ratio (% of working-age population),SP.POP.DPND,2008,96.5494225889886
"Congo, Dem. Rep.",COD,"Fertility rate, total (births per woman)",SP.DYN.TFRT.IN,2008,6.58
"Congo, Dem. Rep.",COD,Population density (people per sq. km of land area),EN.POP.DNST,2008,28.40284246046625
"Congo, Dem. Rep.",COD,Population growth (annual %),SP.POP.GROW,2008,3.01581282864875
"Congo, Dem. Rep.",COD,"Population, total",SP.POP.TOTL,2008,64390664.0
"Congo, Dem. Rep.",COD,Urban population (% of total population),SP.URB.TOTL.IN.ZS,2008,38.5997245210844
"Egypt, Arab Rep.",EGY,Age dependency ratio (% of working-age population),SP.POP.DPND,2008,60.90755683073419
"Egypt, Arab Rep.",EGY,"Fertility rate, total (births per woman)",SP.DYN.TFRT.IN,2008,3.238
"Egypt, Arab Rep.",EGY,Population density (people per sq. km of land area),EN.POP.DNST,2008,86.25725953086544
"Egypt, Arab Rep.",EGY,Population growth (annual %),SP.POP.GROW,2008,1.86740413264217
"Egypt, Arab Rep.",EGY,"Population, total",SP.POP.TOTL,2008,85864789.0
"Egypt, Arab Rep.",EGY,Urban population (% of total population),SP.URB.TOTL.IN.ZS,2008,42.9608989120873
Ethiopia,ETH,Age dependency ratio (% of working-age population),SP.POP.DPND,2008,97.17303467086398
Ethiopia,ETH,"Fertility rate, total (births per woman)",SP.DYN.TFRT.IN,2008,5.695
Ethiopia,ETH,Population density (people per sq. km of land area),EN.POP.DNST,2008,75.7983969601131
Ethiopia,ETH,Population growth (annual %),SP.POP.GROW,2008,2.89435688963486
Ethiopia,ETH,"Population, total",SP.POP.TOTL,2008,85543668.0
Ethiopia,ETH,Urban population (% of total population),SP.URB.TOTL.IN.ZS,2008,16.7936706542969
Ghana,GHA,Age dependency ratio (% of working-age population),SP.POP.DPND,2008,75.13077603324676
Ghana,GHA,"Fertility rate, total (births per woman)",SP.DYN.TFRT.IN,2008,4.217
Ghana,GHA,Population density (people per sq. km of land area),EN.POP.DNST,2008,106.5744308692977
Ghana,GHA,Population growth (annual %),SP.POP.GROW,2008,2.5377798286274
Ghana,GHA,"Population, total",SP.POP.TOTL,2008,24249946.0
Ghana,GHA,Urban population (% of total population),SP.URB.TOTL.IN.ZS,2008,49.4708679942306
Kenya,KEN,Age dependency ratio (% of working-age population),SP.POP.DPND,2008,85.14106337338958
Kenya,KEN,"Fertility rate, total (births per woman)",SP.DYN.TFRT.IN,2008,4.66
Kenya,KEN,Population density (people per sq. km of land area),EN.POP.DNST,2008,68.88700671188109
Kenya,KEN,Population growth (annual %),SP.POP.GROW,2008,3.02964938264436
Kenya,KEN,"Population, total",SP.POP.TOTL,2008,39206351.0
Kenya,KEN,Urban population (% of total population),SP.URB.TOTL.IN.ZS,2008,31.4230276259143
Nigeria,NGA,Age dependency ratio (% of working-age population),SP.POP.DPND,2008,89.70108506556107
Nigeria,NGA,"Fertility rate, total (births per woman)",SP.DYN.TFRT.IN,2008,6.024
Nigeria,NGA,Population density (people per sq. km of land area),EN.POP.DNST,2008,173.0349199029393
Nigeria,NGA,Population growth (annual %),SP.POP.GROW,2008,2.78453384410814
Nigeria,NGA,"Population, total",SP.POP.TOTL,2008,157595014.0
Nigeria,NGA,Urban population (% of total population),SP.URB.TOTL.IN.ZS,2008,50.0505212312351
South Africa,ZAF,Age dependency ratio (% of working-age population),SP.POP.DPND,2008,54.19906046288558
South Africa,ZAF,"Fertility rate, total (births per woman)",SP.DYN.TFRT.IN,2008,2.679
South Africa,ZAF,Population density (people per sq. km of land area),EN.POP.DNST,2008,42.13586708323373
South Africa,ZAF,Population growth (annual %),SP.POP.GROW,2008,1.15309551684298
South Africa,ZAF,"Population, total",SP.POP.TOTL,2008,51114599.0
South Africa,ZAF,Urban population (% of total population),SP.URB.TOTL.IN.ZS,2008,61.7692983894896
Cameroon,CMR,Age dependency ratio (% of working-age population),SP.POP.DPND,2009,87.94344226050822
Cameroon,CMR,"Fertility rate, total (births per woman)",SP.DYN.TFRT.IN,2009,5.236
Cameroon,CMR,Population density (people per sq. km of land area),EN.POP.DNST,2009,40.43488396691418
Cameroon,CMR,Population growth (annual %),SP.POP.GROW,2009,2.86539222671372
Cameroon,CMR,"Population, total",SP.POP.TOTL,2009,19113974.0
Cameroon,CMR,Urban population (% of total population),SP.URB.TOTL.IN.ZS,2009,50.4714131335678
"Congo, Dem. Rep.",COD,Age dependency ratio (% of working-age population),SP.POP.DPND,2009,96.8001418126445
"Congo, Dem. Rep.",COD,"Fertility rate, total (births per woman)",SP.DYN.TFRT.IN,2009,6.591
"Congo, Dem. Rep.",COD,Population density (people per sq. km of land area),EN.POP.DNST,2009,29.29447696345471
"Congo, Dem. Rep.",COD,Population growth (annual %),SP.POP.GROW,2009,3.09097719189927
"Congo, Dem. Rep.",COD,"Population, total",SP.POP.TOTL,2009,66412044.0
"Congo, Dem. Rep.",COD,Urban population (% of total population),SP.URB.TOTL.IN.ZS,2009,38.9962670496049
"Egypt, Arab Rep.",EGY,Age dependency ratio (% of working-age population),SP.POP.DPND,2009,60.759536578054174
"Egypt, Arab Rep.",EGY,"Fertility rate, total (births per woman)",SP.DYN.TFRT.IN,2009,3.259
"Egypt, Arab Rep.",EGY,Population density (people per sq. km of land area),EN.POP.DNST,2009,87.90158822643026
"Egypt, Arab Rep.",EGY,Population growth (annual %),SP.POP.GROW,2009,1.88836522446639
"Egypt, Arab Rep.",EGY,"Population, total",SP.POP.TOTL,2009,87501636.0
"Egypt, Arab Rep.",EGY,Urban population (% of total population),SP.URB.TOTL.IN.ZS,2009,42.9383470624904
Ethiopia,ETH,Age dependency ratio (% of working-age population),SP.POP.DPND,2009,95.68891586295716
Ethiopia,ETH,"Fertility rate, total (births per woman)",SP.DYN.TFRT.IN,2009,5.488
Ethiopia,ETH,Population density (people per sq. km of land area),EN.POP.DNST,2009,77.98026313574317
Ethiopia,ETH,Population growth (annual %),SP.POP.GROW,2009,2.83966010377931
Ethiopia,ETH,"Population, total",SP.POP.TOTL,2009,88007636.0
Ethiopia,ETH,Urban population (% of total population),SP.URB.TOTL.IN.ZS,2009,17.1511001586914
Ghana,GHA,Age dependency ratio (% of working-age population),SP.POP.DPND,2009,74.39787972858012
Ghana,GHA,"Fertility rate, total (births per woman)",SP.DYN.TFRT.IN,2009,4.179
Ghana,GHA,Population density (people per sq. km of land area),EN.POP.DNST,2009,109.26722334534588
Ghana,GHA,Population growth (annual %),SP.POP.GROW,2009,2.49528498609835
Ghana,GHA,"Population, total",SP.POP.TOTL,2009,24862664.0
Ghana,GHA,Urban population (% of total population),SP.URB.TOTL.IN.ZS,2009,50.1111250897099
Kenya,KEN,Age dependency ratio (% of working-age population),SP.POP.DPND,2009,84.67126948418814
Kenya,KEN,"Fertility rate, total (births per woman)",SP.DYN.TFRT.IN,2009,4.567
Kenya,KEN,Population density (people per sq. km of land area),EN.POP.DNST,2009,70.99991390519028
Kenya,KEN,Population growth (annual %),SP.POP.GROW,2009,3.0211086032266
Kenya,KEN,"Population, total",SP.POP.TOTL,2009,40408891.0
Kenya,KEN,Urban population (% of total population),SP.URB.TOTL.IN.ZS,2009,31.8603086707305
Nigeria,NGA,Age dependency ratio (% of working-age population),SP.POP.DPND,2009,90.01512867819001
Nigeria,NGA,"Fertility rate, total (births per woman)",SP.DYN.TFRT.IN,2009,5.993
Nigeria,NGA,Population density (people per sq. km of land area),EN.POP.DNST,2009,177.92578148160348
Nigeria,NGA,Population growth (annual %),SP.POP.GROW,2009,2.78730820935027
Nigeria,NGA,"Population, total",SP.POP.TOTL,2009,162049464.0
Nigeria,NGA,Urban population (% of total population),SP.URB.TOTL.IN.ZS,2009,50.86453484762
South Africa,ZAF,Age dependency ratio (% of working-age population),SP.POP.DPND,2009,53.6669938632738
South Africa,ZAF,"Fertility rate, total (births per woman)",SP.DYN.TFRT.IN,2009,2.501
South Africa,ZAF,Population density (people per sq. km of land area),EN.POP.DNST,2009,42.64194412615717
South Africa,ZAF,Population growth (annual %),SP.POP.GROW,2009,1.19390450655684
South Africa,ZAF,"Population, total",SP.POP.TOTL,2009,51728516.0
South Africa,ZAF,Urban population (% of total population),SP.URB.TOTL.IN.ZS,2009,62.2592839131287
Cameroon,CMR,Age dependency ratio (% of working-age population),SP.POP.DPND,2010,87.64995940847912
Cameroon,CMR,"Fertility rate, total (births per woman)",SP.DYN.TFRT.IN,2010,5.154
Cameroon,CMR,Population density (people per sq. km of land area),EN.POP.DNST,2010,41.60704448816399
Cameroon,CMR,Population growth (annual %),SP.POP.GROW,2010,2.85766146651935
Cameroon,CMR,"Population, total",SP.POP.TOTL,2010,19668066.0
Cameroon,CMR,Urban population (% of total population),SP.URB.TOTL.IN.ZS,2010,50.8505075371362
"Congo, Dem. Rep.",COD,Age dependency ratio (% of working-age population),SP.POP.DPND,2010,96.75622590642962
"Congo, Dem. Rep.",COD,"Fertility rate, total (births per woman)",SP.DYN.TFRT.IN,2010,6.587
"Congo, Dem. Rep.",COD,Population density (people per sq. km of land area),EN.POP.DNST,2010,30.243284444542468
"Congo, Dem. Rep.",COD,Population growth (annual %),SP.POP.GROW,2010,3.18751592835336
"Congo, Dem. Rep.",COD,"Population, total",SP.POP.TOTL,2010,68563038.0
"Congo, Dem. Rep.",COD,Urban population (% of total population),SP.URB.TOTL.IN.ZS,2010,39.391363708294
"Egypt, Arab Rep.",EGY,Age dependency ratio (% of working-age population),SP.POP.DPND,2010,60.81639187848669
"Egypt, Arab Rep.",EGY,"Fertility rate, total (births per woman)",SP.DYN.TFRT.IN,2010,3.296
"Egypt, Arab Rep.",EGY,Population density (people per sq. km of land area),EN.POP.DNST,2010,89.60376914963082
"Egypt, Arab Rep.",EGY,Population growth (annual %),SP.POP.GROW,2010,1.91795124102801
"Egypt, Arab Rep.",EGY,"Population, total",SP.POP.TOTL,2010,89196072.0
"Egypt, Arab Rep.",EGY,Urban population (% of total population),SP.URB.TOTL.IN.ZS,2010,42.9057175520154
Ethiopia,ETH,Age dependency ratio (% of working-age population),SP.POP.DPND,2010,93.99875555063775
Ethiopia,ETH,"Fertility rate, total (births per woman)",SP.DYN.TFRT.IN,2010,5.282
Ethiopia,ETH,Population density (people per sq. km of land area),EN.POP.DNST,2010,80.22403021165704
Ethiopia,ETH,Population growth (annual %),SP.POP.GROW,2010,2.83517457968806
Ethiopia,ETH,"Population, total",SP.POP.TOTL,2010,90538514.0
Ethiopia,ETH,Urban population (% of total population),SP.URB.TOTL.IN.ZS,2010,17.4937839508057
Ghana,GHA,Age dependency ratio (% of working-age population),SP.POP.DPND,2010,73.87642029244277
Ghana,GHA,"Fertility rate, total (births per woman)",SP.DYN.TFRT.IN,2010,4.181
Ghana,GHA,Population density (people per sq. km of land area),EN.POP.DNST,2010,111.95831502153467
Ghana,GHA,Population growth (annual %),SP.POP.GROW,2010,2.43301424000427
Ghana,GHA,"Population, total",SP.POP.TOTL,2010,25474995.0
Ghana,GHA,Urban population (% of total population),SP.URB.TOTL.IN.ZS,2010,50.7296926788704
Kenya,KEN,Age dependency ratio (% of working-age population),SP.POP.DPND,2010,84.22010543864384
Kenya,KEN,"Fertility rate, total (births per woman)",SP.DYN.TFRT.IN,2010,4.446
Kenya,KEN,Population density (people per sq. km of land area),EN.POP.DNST,2010,73.09021857539446
Kenya,KEN,Population growth (annual %),SP.POP.GROW,2010,2.90158845467743
Kenya,KEN,"Population, total",SP.POP.TOTL,2010,41598567.0
Kenya,KEN,Urban population (% of total population),SP.URB.TOTL.IN.ZS,2010,31.8713287706458
Nigeria,NGA,Age dependency ratio (% of working-age population),SP.POP.DPND,2010,90.2349884259357
Nigeria,NGA,"Fertility rate, total (births per woman)",SP.DYN.TFRT.IN,2010,5.948
Nigeria,NGA,Population density (people per sq. km of land area),EN.POP.DNST,2010,182.9692304313932
Nigeria,NGA,Population growth (annual %),SP.POP.GROW,2010,2.795149361277
Nigeria,NGA,"Population, total",SP.POP.TOTL,2010,166642886.0
Nigeria,NGA,Urban population (% of total population),SP.URB.TOTL.IN.ZS,2010,51.6778188255446
South Africa,ZAF,Age dependency ratio (% of working-age population),SP.POP.DPND,2010,53.023518309656566
South Africa,ZAF,"Fertility rate, total (births per woman)",SP.DYN.TFRT.IN,2010,2.445
South Africa,ZAF,Population density (people per sq. km of land area),EN.POP.DNST,2010,43.14935495305377
South Africa,ZAF,Population growth (annual %),SP.POP.GROW,2010,1.1829095702162
South Africa,ZAF,"Population, total",SP.POP.TOTL,2010,52344051.0
South Africa,ZAF,Urban population (% of total population),SP.URB.TOTL.IN.ZS,2010,62.6299120560569
Cameroon,CMR,Age dependency ratio (% of working-age population),SP.POP.DPND,2011,87.39238321425901
Cameroon,CMR,"Fertility rate, total (births per woman)",SP.DYN.TFRT.IN,2011,5.052
Cameroon,CMR,Population density (people per sq. km of land area),EN.POP.DNST,2011,42.80066848596391
Cameroon,CMR,Population growth (annual %),SP.POP.GROW,2011,2.82842297078772
Cameroon,CMR,"Population, total",SP.POP.TOTL,2011,20232304.0
Cameroon,CMR,Urban population (% of total population),SP.URB.TOTL.IN.ZS,2011,51.2229843034125
"Congo, Dem. Rep.",COD,Age dependency ratio (% of working-age population),SP.POP.DPND,2011,96.51439431317038
"Congo, Dem. Rep.",COD,"Fertility rate, total (births per woman)",SP.DYN.TFRT.IN,2011,6.582
"Congo, Dem. Rep.",COD,Population density (people per sq. km of land area),EN.POP.DNST,2011,31.251763745837103
"Congo, Dem. Rep.",COD,Population growth (annual %),SP.POP.GROW,2011,3.28016564590395
"Congo, Dem. Rep.",COD,"Population, total",SP.POP.TOTL,2011,70849311.0
"Congo, Dem. Rep.",COD,Urban population (% of total population),SP.URB.TOTL.IN.ZS,2011,39.7849692825859
"Egypt, Arab Rep.",EGY,Age dependency ratio (% of working-age population),SP.POP.DPND,2011,60.9062133572649
"Egypt, Arab Rep.",EGY,"Fertility rate, total (births per woman)",SP.DYN.TFRT.IN,2011,3.311
"Egypt, Arab Rep.",EGY,Population density (people per sq. km of land area),EN.POP.DNST,2011,91.50942689236024
"Egypt, Arab Rep.",EGY,Population growth (annual %),SP.POP.GROW,2011,2.1044607622412
"Egypt, Arab Rep.",EGY,"Population, total",SP.POP.TOTL,2011,91093059.0
"Egypt, Arab Rep.",EGY,Urban population (% of total population),SP.URB.TOTL.IN.ZS,2011,42.8634168470177
Ethiopia,ETH,Age dependency ratio (% of working-age population),SP.POP.DPND,2011,92.16596171409202
Ethiopia,ETH,"Fertility rate, total (births per woman)",SP.DYN.TFRT.IN,2011,5.08
Ethiopia,ETH,Population density (people per sq. km of land area),EN.POP.DNST,2011,82.53767959261195
Ethiopia,ETH,Population growth (annual %),SP.POP.GROW,2011,2.84354457485296
Ethiopia,ETH,"Population, total",SP.POP.TOTL,2011,93149970.0
Ethiopia,ETH,Urban population (% of total population),SP.URB.TOTL.IN.ZS,2011,17.863790512085
Ghana,GHA,Age dependency ratio (% of working-age population),SP.POP.DPND,2011,73.54861446228644
Ghana,GHA,"Fertility rate, total (births per woman)",SP.DYN.TFRT.IN,2011,4.177
Ghana,GHA,Population density (people per sq. km of land area),EN.POP.DNST,2011,114.6835193812077
Ghana,GHA,Population growth (annual %),SP.POP.GROW,2011,2.40497145453178
Ghana,GHA,"Population, total",SP.POP.TOTL,2011,26095088.0
Ghana,GHA,Urban population (% of total population),SP.URB.TOTL.IN.ZS,2011,51.3304086646488
Kenya,KEN,Age dependency ratio (% of working-age population),SP.POP.DPND,2011,83.69550848735176
Kenya,KEN,"Fertility rate, total (births per woman)",SP.DYN.TFRT.IN,2011,4.284
Kenya,KEN,Population density (people per sq. km of land area),EN.POP.DNST,2011,75.12819517166251
Kenya,KEN,Population growth (annual %),SP.POP.GROW,2011,2.75013743696978
Kenya,KEN,"Population, total",SP.POP.TOTL,2011,42758461.0
Kenya,KEN,Urban population (% of total population),SP.URB.TOTL.IN.ZS,2011,31.8673949025409
Nigeria,NGA,Age dependency ratio (% of working-age population),SP.POP.DPND,2011,90.34938991255824
Nigeria,NGA,"Fertility rate, total (births per woman)",SP.DYN.TFRT.IN,2011,5.893
Nigeria,NGA,Population density (people per sq. km of land area),EN.POP.DNST,2011,188.17000779560152
Nigeria,NGA,Population growth (annual %),SP.POP.GROW,2011,2.80278519998649
Nigeria,NGA,"Population, total",SP.POP.TOTL,2011,171379598.0
Nigeria,NGA,Urban population (% of total population),SP.URB.TOTL.IN.ZS,2011,52.490352424079
South Africa,ZAF,Age dependency ratio (% of working-age population),SP.POP.DPND,2011,52.36100428903416
South Africa,ZAF,"Fertility rate, total (births per woman)",SP.DYN.TFRT.IN,2011,2.436
South Africa,ZAF,Population density (people per sq. km of land area),EN.POP.DNST,2011,43.68612798720623
South Africa,ZAF,Population growth (annual %),SP.POP.GROW,2011,1.23631458705301
South Africa,ZAF,"Population, total",SP.POP.TOTL,2011,52995205.0
South Africa,ZAF,Urban population (% of total population),SP.URB.TOTL.IN.ZS,2011,62.850627754452
Cameroon,CMR,Age dependency ratio (% of working-age population),SP.POP.DPND,2012,87.1152204457813
Cameroon,CMR,"Fertility rate, total (births per woman)",SP.DYN.TFRT.IN,2012,4.982
Cameroon,CMR,Population density (people per sq. km of land area),EN.POP.DNST,2012,44.0217659876034
Cameroon,CMR,Population growth (annual %),SP.POP.GROW,2012,2.8130471843416
Cameroon,CMR,"Population, total",SP.POP.TOTL,2012,20809529.0
Cameroon,CMR,Urban population (% of total population),SP.URB.TOTL.IN.ZS,2012,51.5887119982861
"Congo, Dem. Rep.",COD,Age dependency ratio (% of working-age population),SP.POP.DPND,2012,96.4314424412382
"Congo, Dem. Rep.",COD,"Fertility rate, total (births per woman)",SP.DYN.TFRT.IN,2012,6.559
"Congo, Dem. Rep.",COD,Population density (people per sq. km of land area),EN.POP.DNST,2012,32.312749167420215
"Congo, Dem. Rep.",COD,Population growth (annual %),SP.POP.GROW,2012,3.33860489598034
"Congo, Dem. Rep.",COD,"Population, total",SP.POP.TOTL,2012,73254618.0
"Congo, Dem. Rep.",COD,Urban population (% of total population),SP.URB.TOTL.IN.ZS,2012,40.1770385579151
"Egypt, Arab Rep.",EGY,Age dependency ratio (% of working-age population),SP.POP.DPND,2012,61.04069373013223
"Egypt, Arab Rep.",EGY,"Fertility rate, total (births per woman)",SP.DYN.TFRT.IN,2012,3.4
"Egypt, Arab Rep.",EGY,Population density (people per sq. km of land area),EN.POP.DNST,2012,93.58682103571248
"Egypt, Arab Rep.",EGY,Population growth (annual %),SP.POP.GROW,2012,2.24475795490011
"Egypt, Arab Rep.",EGY,"Population, total",SP.POP.TOTL,2012,93161001.0
"Egypt, Arab Rep.",EGY,Urban population (% of total population),SP.URB.TOTL.IN.ZS,2012,42.8118514138525
Ethiopia,ETH,Age dependency ratio (% of working-age population),SP.POP.DPND,2012,90.2361319500354
Ethiopia,ETH,"Fertility rate, total (births per woman)",SP.DYN.TFRT.IN,2012,4.887
Ethiopia,ETH,Population density (people per sq. km of land area),EN.POP.DNST,2012,84.88418077869567
Ethiopia,ETH,Population growth (annual %),SP.POP.GROW,2012,2.80390393439601
Ethiopia,ETH,"Population, total",SP.POP.TOTL,2012,95798767.0
Ethiopia,ETH,Urban population (% of total population),SP.URB.TOTL.IN.ZS,2012,18.2061367034912
Ghana,GHA,Age dependency ratio (% of working-age population),SP.POP.DPND,2012,73.29017348743866
Ghana,GHA,"Fertility rate, total (births per woman)",SP.DYN.TFRT.IN,2012,4.154
Ghana,GHA,Population density (people per sq. km of land area),EN.POP.DNST,2012,117.4926078931177
Ghana,GHA,Population growth (annual %),SP.POP.GROW,2012,2.4199090803465
Ghana,GHA,"Population, total",SP.POP.TOTL,2012,26734268.0
Ghana,GHA,Urban population (% of total population),SP.URB.TOTL.IN.ZS,2012,51.9197918381031
Kenya,KEN,Age dependency ratio (% of working-age population),SP.POP.DPND,2012,83.01057065561183
Kenya,KEN,"Fertility rate, total (births per woman)",SP.DYN.TFRT.IN,2012,4.116
Kenya,KEN,Population density (people per sq. km of land area),EN.POP.DNST,2012,77.11336929402256
Kenya,KEN,Population growth (annual %),SP.POP.GROW,2012,2.6080744180495
Kenya,KEN,"Population, total",SP.POP.TOTL,2012,43888303.0
Kenya,KEN,Urban population (% of total population),SP.URB.TOTL.IN.ZS,2012,31.8558130142761
Nigeria,NGA,Age dependency ratio (% of working-age population),SP.POP.DPND,2012,90.37799633185472
Nigeria,NGA,"Fertility rate, total (births per woman)",SP.DYN.TFRT.IN,2012,5.797
Nigeria,NGA,Population density (people per sq. km of land area),EN.POP.DNST,2012,193.46336067283727
Nigeria,NGA,Population growth (annual %),SP.POP.GROW,2012,2.77422930277333
Nigeria,NGA,"Population, total",SP.POP.TOTL,2012,176200625.0
Nigeria,NGA,Urban population (% of total population),SP.URB.TOTL.IN.ZS,2012,53.302114902293
South Africa,ZAF,Age dependency ratio (% of working-age population),SP.POP.DPND,2012,51.86550723537668
South Africa,ZAF,"Fertility rate, total (births per woman)",SP.DYN.TFRT.IN,2012,2.447
South Africa,ZAF,Population density (people per sq. km of land area),EN.POP.DNST,2012,44.335182880083096
South Africa,ZAF,Population growth (annual %),SP.POP.GROW,2012,1.47479434391075
South Africa,ZAF,"Population, total",SP.POP.TOTL,2012,53782567.0
South Africa,ZAF,Urban population (% of total population),SP.URB.TOTL.IN.ZS,2012,62.9616560303263
Cameroon,CMR,Age dependency ratio (% of working-age population),SP.POP.DPND,2013,86.74010555229282
Cameroon,CMR,"Fertility rate, total (births per woman)",SP.DYN.TFRT.IN,2013,4.905
Cameroon,CMR,Population density (people per sq. km of land area),EN.POP.DNST,2013,45.27591123521821
Cameroon,CMR,Population growth (annual %),SP.POP.GROW,2013,2.80909371019789
Cameroon,CMR,"Population, total",SP.POP.TOTL,2013,21402376.0
Cameroon,CMR,Urban population (% of total population),SP.URB.TOTL.IN.ZS,2013,51.9475591877024
"Congo, Dem. Rep.",COD,Age dependency ratio (% of working-age population),SP.POP.DPND,2013,96.45487492186714
"Congo, Dem. Rep.",COD,"Fertility rate, total (births per woman)",SP.DYN.TFRT.IN,2013,6.527
"Congo, Dem. Rep.",COD,Population density (people per sq. km of land area),EN.POP.DNST,2013,33.43084404843299
"Congo, Dem. Rep.",COD,Population growth (annual %),SP.POP.GROW,2013,3.40170849300578
"Congo, Dem. Rep.",COD,"Population, total",SP.POP.TOTL,2013,75789395.0
"Congo, Dem. Rep.",COD,Urban population (% of total population),SP.URB.TOTL.IN.ZS,2013,40.5675263197158
"Egypt, Arab Rep.",EGY,Age dependency ratio (% of working-age population),SP.POP.DPND,2013,61.26146321098804
"Egypt, Arab Rep.",EGY,"Fertility rate, total (births per woman)",SP.DYN.TFRT.IN,2013,3.49
"Egypt, Arab Rep.",EGY,Population density (people per sq. km of land area),EN.POP.DNST,2013,95.7693033301522
"Egypt, Arab Rep.",EGY,Population growth (annual %),SP.POP.GROW,2013,2.30526364315625
"Egypt, Arab Rep.",EGY,"Population, total",SP.POP.TOTL,2013,95333553.0
"Egypt, Arab Rep.",EGY,Urban population (% of total population),SP.URB.TOTL.IN.ZS,2013,42.7514277188751
Ethiopia,ETH,Age dependency ratio (% of working-age population),SP.POP.DPND,2013,88.27615481889886
Ethiopia,ETH,"Fertility rate, total (births per woman)",SP.DYN.TFRT.IN,2013,4.708
Ethiopia,ETH,Population density (people per sq. km of land area),EN.POP.DNST,2013,87.22415785398204
Ethiopia,ETH,Population growth (annual %),SP.POP.GROW,2013,2.71847231803133
Ethiopia,ETH,"Population, total",SP.POP.TOTL,2013,98438751.0
Ethiopia,ETH,Urban population (% of total population),SP.URB.TOTL.IN.ZS,2013,18.615514755249
Ghana,GHA,Age dependency ratio (% of working-age population),SP.POP.DPND,2013,73.03647545911429
Ghana,GHA,"Fertility rate, total (births per woman)",SP.DYN.TFRT.IN,2013,4.114
Ghana,GHA,Population density (people per sq. km of land area),EN.POP.DNST,2013,120.35770853476312
Ghana,GHA,Population growth (annual %),SP.POP.GROW,2013,2.40927930949909
Ghana,GHA,"Population, total",SP.POP.TOTL,2013,27386193.0
Ghana,GHA,Urban population (% of total population),SP.URB.TOTL.IN.ZS,2013,52.4985794475913
Kenya,KEN,Age dependency ratio (% of working-age population),SP.POP.DPND,2013,82.1267476397034
Kenya,KEN,"Fertility rate, total (births per woman)",SP.DYN.TFRT.IN,2013,3.955
Kenya,KEN,Population density (people per sq. km of land area),EN.POP.DNST,2013,79.04345328038795
Kenya,KEN,Population growth (annual %),SP.POP.GROW,2013,2.47210752389349
Kenya,KEN,"Population, total",SP.POP.TOTL,2013,44986791.0
Kenya,KEN,Urban population (% of total population),SP.URB.TOTL.IN.ZS,2013,31.8324454433988
Nigeria,NGA,Age dependency ratio (% of working-age population),SP.POP.DPND,2013,90.29727500192244
Nigeria,NGA,"Fertility rate, total (births per woman)",SP.DYN.TFRT.IN,2013,5.694
Nigeria,NGA,Population density (people per sq. km of land area),EN.POP.DNST,2013,198.7872272911932
Nigeria,NGA,Population growth (annual %),SP.POP.GROW,2013,2.71468991073627
Nigeria,NGA,"Population, total",SP.POP.TOTL,2013,181049443.0
Nigeria,NGA,Urban population (% of total population),SP.URB.TOTL.IN.ZS,2013,54.1130855192568
South Africa,ZAF,Age dependency ratio (% of working-age population),SP.POP.DPND,2013,51.460030273286414
South Africa,ZAF,"Fertility rate, total (births per woman)",SP.DYN.TFRT.IN,2013,2.428
South Africa,ZAF,Population density (people per sq. km of land area),EN.POP.DNST,2013,45.07397719872392
South Africa,ZAF,Population growth (annual %),SP.POP.GROW,2013,1.65265199501405
South Africa,ZAF,"Population, total",SP.POP.TOTL,2013,54678791.0
South Africa,ZAF,Urban population (% of total population),SP.URB.TOTL.IN.ZS,2013,63.0524024097034
Cameroon,CMR,Age dependency ratio (% of working-age population),SP.POP.DPND,2014,86.0043368057403
Cameroon,CMR,"Fertility rate, total (births per woman)",SP.DYN.TFRT.IN,2014,4.844
Cameroon,CMR,Population density (people per sq. km of land area),EN.POP.DNST,2014,46.6668634046244
Cameroon,CMR,Population growth (annual %),SP.POP.GROW,2014,3.02592195035823
Cameroon,CMR,"Population, total",SP.POP.TOTL,2014,22059893.0
Cameroon,CMR,Urban population (% of total population),SP.URB.TOTL.IN.ZS,2014,52.2993944376709
"Congo, Dem. Rep.",COD,Age dependency ratio (% of working-age population),SP.POP.DPND,2014,96.48496668990806
"Congo, Dem. Rep.",COD,"Fertility rate, total (births per woman)",SP.DYN.TFRT.IN,2014,6.483
"Congo, Dem. Rep.",COD,Population density (people per sq. km of land area),EN.POP.DNST,2014,34.583816854502544
"Congo, Dem. Rep.",COD,Population growth (annual %),SP.POP.GROW,2014,3.39069033335839
"Congo, Dem. Rep.",COD,"Population, total",SP.POP.TOTL,2014,78403242.0
"Congo, Dem. Rep.",COD,Urban population (% of total population),SP.URB.TOTL.IN.ZS,2014,40.9563873534225
"Egypt, Arab Rep.",EGY,Age dependency ratio (% of working-age population),SP.POP.DPND,2014,61.5419614141439
"Egypt, Arab Rep.",EGY,"Fertility rate, total (births per woman)",SP.DYN.TFRT.IN,2014,3.49
"Egypt, Arab Rep.",EGY,Population density (people per sq. km of land area),EN.POP.DNST,2014,97.9744376914963
"Egypt, Arab Rep.",EGY,Population growth (annual %),SP.POP.GROW,2014,2.27643956620182
"Egypt, Arab Rep.",EGY,"Population, total",SP.POP.TOTL,2014,97528654.0
"Egypt, Arab Rep.",EGY,Urban population (% of total population),SP.URB.TOTL.IN.ZS,2014,42.6825522284408
Ethiopia,ETH,Age dependency ratio (% of working-age population),SP.POP.DPND,2014,86.33465985832571
Ethiopia,ETH,"Fertility rate, total (births per woman)",SP.DYN.TFRT.IN,2014,4.605
Ethiopia,ETH,Population density (people per sq. km of land area),EN.POP.DNST,2014,89.59874024656496
Ethiopia,ETH,Population growth (annual %),SP.POP.GROW,2014,2.68299781796922
Ethiopia,ETH,"Population, total",SP.POP.TOTL,2014,101115610.0
Ethiopia,ETH,Urban population (% of total population),SP.URB.TOTL.IN.ZS,2014,19.0262870788574
Ghana,GHA,Age dependency ratio (% of working-age population),SP.POP.DPND,2014,72.73305350195164
Ghana,GHA,"Fertility rate, total (births per woman)",SP.DYN.TFRT.IN,2014,4.029
Ghana,GHA,Population density (people per sq. km of land area),EN.POP.DNST,2014,123.23807682165771
Ghana,GHA,Population growth (annual %),SP.POP.GROW,2014,2.36498553072391
Ghana,GHA,"Population, total",SP.POP.TOTL,2014,28041592.0
Ghana,GHA,Urban population (% of total population),SP.URB.TOTL.IN.ZS,2014,53.0663398797148
Kenya,KEN,Age dependency ratio (% of working-age population),SP.POP.DPND,2014,81.12149993646197
Kenya,KEN,"Fertility rate, total (births per woman)",SP.DYN.TFRT.IN,2014,3.843
Kenya,KEN,Population density (people per sq. km of land area),EN.POP.DNST,2014,80.9140808939804
Kenya,KEN,Population growth (annual %),SP.POP.GROW,2014,2.33901192230694
Kenya,KEN,"Population, total",SP.POP.TOTL,2014,46051440.0
Kenya,KEN,Urban population (% of total population),SP.URB.TOTL.IN.ZS,2014,31.7931545274563
Nigeria,NGA,Age dependency ratio (% of working-age population),SP.POP.DPND,2014,90.092940117399
Nigeria,NGA,"Fertility rate, total (births per woman)",SP.DYN.TFRT.IN,2014,5.622
Nigeria,NGA,Population density (people per sq. km of land area),EN.POP.DNST,2014,204.10961603917565
Nigeria,NGA,Population growth (annual %),SP.POP.GROW,2014,2.64221399374699
Nigeria,NGA,"Population, total",SP.POP.TOTL,2014,185896915.0
Nigeria,NGA,Urban population (% of total population),SP.URB.TOTL.IN.ZS,2014,54.9232435340404
South Africa,ZAF,Age dependency ratio (% of working-age population),SP.POP.DPND,2014,51.13901159501532
South Africa,ZAF,"Fertility rate, total (births per woman)",SP.DYN.TFRT.IN,2014,2.424
South Africa,ZAF,Population density (people per sq. km of land area),EN.POP.DNST,2014,45.82911243188881
South Africa,ZAF,Population growth (annual %),SP.POP.GROW,2014,1.66144540694123
South Africa,ZAF,"Population, total",SP.POP.TOTL,2014,55594838.0
South Africa,ZAF,Urban population (% of total population),SP.URB.TOTL.IN.ZS,2014,63.1352327065742
Cameroon,CMR,Age dependency ratio (% of working-age population),SP.POP.DPND,2015,85.20322843149395
Cameroon,CMR,"Fertility rate, total (births per woman)",SP.DYN.TFRT.IN,2015,4.841
Cameroon,CMR,Population density (people per sq. km of land area),EN.POP.DNST,2015,48.155135283789214
Cameroon,CMR,Population growth (annual %),SP.POP.GROW,2015,3.13934346036401
Cameroon,CMR,"Population, total",SP.POP.TOTL,2015,22763414.0
Cameroon,CMR,Urban population (% of total population),SP.URB.TOTL.IN.ZS,2015,52.6440863142742
"Congo, Dem. Rep.",COD,Age dependency ratio (% of working-age population),SP.POP.DPND,2015,96.52781871996248
"Congo, Dem. Rep.",COD,"Fertility rate, total (births per woman)",SP.DYN.TFRT.IN,2015,6.437
"Congo, Dem. Rep.",COD,Population density (people per sq. km of land area),EN.POP.DNST,2015,35.744924461304336
"Congo, Dem. Rep.",COD,Population growth (annual %),SP.POP.GROW,2015,3.3022434270539
"Congo, Dem. Rep.",COD,"Population, total",SP.POP.TOTL,2015,81035531.0
"Congo, Dem. Rep.",COD,Urban population (% of total population),SP.URB.TOTL.IN.ZS,2015,41.3435764444694
"Egypt, Arab Rep.",EGY,Age dependency ratio (% of working-age population),SP.POP.DPND,2015,61.97786562185336
"Egypt, Arab Rep.",EGY,"Fertility rate, total (births per woman)",SP.DYN.TFRT.IN,2015,3.5
"Egypt, Arab Rep.",EGY,Population density (people per sq. km of land area),EN.POP.DNST,2015,100.05258124466322
"Egypt, Arab Rep.",EGY,Population growth (annual %),SP.POP.GROW,2015,2.09892554805563
"Egypt, Arab Rep.",EGY,"Population, total",SP.POP.TOTL,2015,99597342.0
"Egypt, Arab Rep.",EGY,Urban population (% of total population),SP.URB.TOTL.IN.ZS,2015,42.6056314089048
Ethiopia,ETH,Age dependency ratio (% of working-age population),SP.POP.DPND,2015,84.45717950959676
Ethiopia,ETH,"Fertility rate, total (births per woman)",SP.DYN.TFRT.IN,2015,4.529
Ethiopia,ETH,Population density (people per sq. km of land area),EN.POP.DNST,2015,92.0367822337439
Ethiopia,ETH,Population growth (annual %),SP.POP.GROW,2015,2.68480186138776
Ethiopia,ETH,"Population, total",SP.POP.TOTL,2015,103867135.0
Ethiopia,ETH,Urban population (% of total population),SP.URB.TOTL.IN.ZS,2015,19.451566696167
Ghana,GHA,Age dependency ratio (% of working-age population),SP.POP.DPND,2015,72.31164507151793
Ghana,GHA,"Fertility rate, total (births per woman)",SP.DYN.TFRT.IN,2015,3.982
Ghana,GHA,Population density (people per sq. km of land area),EN.POP.DNST,2015,126.1143886789136
Ghana,GHA,Population growth (annual %),SP.POP.GROW,2015,2.30712733064921
Ghana,GHA,"Population, total",SP.POP.TOTL,2015,28696068.0
Ghana,GHA,Urban population (% of total population),SP.URB.TOTL.IN.ZS,2015,53.6226415210752
Kenya,KEN,Age dependency ratio (% of working-age population),SP.POP.DPND,2015,79.99241248412021
Kenya,KEN,"Fertility rate, total (births per woman)",SP.DYN.TFRT.IN,2015,3.766
Kenya,KEN,Population density (people per sq. km of land area),EN.POP.DNST,2015,82.45290087367965
Kenya,KEN,Population growth (annual %),SP.POP.GROW,2015,2.2270329432256
Kenya,KEN,"Population, total",SP.POP.TOTL,2015,47088526.0
Kenya,KEN,Urban population (% of total population),SP.URB.TOTL.IN.ZS,2015,31.7338026039958
Nigeria,NGA,Age dependency ratio (% of working-age population),SP.POP.DPND,2015,89.72062636821482
Nigeria,NGA,"Fertility rate, total (births per woman)",SP.DYN.TFRT.IN,2015,5.503
Nigeria,NGA,Population density (people per sq. km of land area),EN.POP.DNST,2015,209.3523919321014
Nigeria,NGA,Population growth (annual %),SP.POP.GROW,2015,2.53617348598208
Nigeria,NGA,"Population, total",SP.POP.TOTL,2015,190671878.0
Nigeria,NGA,Urban population (% of total population),SP.URB.TOTL.IN.ZS,2015,55.7325682057138
South Africa,ZAF,Age dependency ratio (% of working-age population),SP.POP.DPND,2015,50.77981422384844
South Africa,ZAF,"Fertility rate, total (births per woman)",SP.DYN.TFRT.IN,2015,2.359
South Africa,ZAF,Population density (people per sq. km of land area),EN.POP.DNST,2015,46.75954545829246
South Africa,ZAF,Population growth (annual %),SP.POP.GROW,2015,2.00988840160514
South Africa,ZAF,"Population, total",SP.POP.TOTL,2015,56723537.0
South Africa,ZAF,Urban population (% of total population),SP.URB.TOTL.IN.ZS,2015,63.2096349937231
Cameroon,CMR,Age dependency ratio (% of working-age population),SP.POP.DPND,2016,84.72873164992484
Cameroon,CMR,"Fertility rate, total (births per woman)",SP.DYN.TFRT.IN,2016,4.842
Cameroon,CMR,Population density (people per sq. km of land area),EN.POP.DNST,2016,49.61638425250153
Cameroon,CMR,Population growth (annual %),SP.POP.GROW,2016,2.98933225067819
Cameroon,CMR,"Population, total",SP.POP.TOTL,2016,23454161.0
Cameroon,CMR,Urban population (% of total population),SP.URB.TOTL.IN.ZS,2016,52.9815033836792
"Congo, Dem. Rep.",COD,Age dependency ratio (% of working-age population),SP.POP.DPND,2016,96.19789360558488
"Congo, Dem. Rep.",COD,"Fertility rate, total (births per woman)",SP.DYN.TFRT.IN,2016,6.392
"Congo, Dem. Rep.",COD,Population density (people per sq. km of land area),EN.POP.DNST,2016,37.03333186299376
"Congo, Dem. Rep.",COD,Population growth (annual %),SP.POP.GROW,2016,3.54100823238224
"Congo, Dem. Rep.",COD,"Population, total",SP.POP.TOTL,2016,83956415.0
"Congo, Dem. Rep.",COD,Urban population (% of total population),SP.URB.TOTL.IN.ZS,2016,41.7290483782911
"Egypt, Arab Rep.",EGY,Age dependency ratio (% of working-age population),SP.POP.DPND,2016,62.335350210571264
"Egypt, Arab Rep.",EGY,"Fertility rate, total (births per woman)",SP.DYN.TFRT.IN,2016,3.35
"Egypt, Arab Rep.",EGY,Population density (people per sq. km of land area),EN.POP.DNST,2016,102.10918579536892
"Egypt, Arab Rep.",EGY,Population growth (annual %),SP.POP.GROW,2016,2.03468294927084
"Egypt, Arab Rep.",EGY,"Population, total",SP.POP.TOTL,2016,101644589.0
"Egypt, Arab Rep.",EGY,Urban population (% of total population),SP.URB.TOTL.IN.ZS,2016,42.5210717266225
Ethiopia,ETH,Age dependency ratio (% of working-age population),SP.POP.DPND,2016,82.66224257672395
Ethiopia,ETH,"Fertility rate, total (births per woman)",SP.DYN.TFRT.IN,2016,4.473
Ethiopia,ETH,Population density (people per sq. km of land area),EN.POP.DNST,2016,94.56147997644784
Ethiopia,ETH,Population growth (annual %),SP.POP.GROW,2016,2.70788250761242
Ethiopia,ETH,"Population, total",SP.POP.TOTL,2016,106718162.0
Ethiopia,ETH,Urban population (% of total population),SP.URB.TOTL.IN.ZS,2016,19.8763618469238
Ghana,GHA,Age dependency ratio (% of working-age population),SP.POP.DPND,2016,71.73132577257255
Ghana,GHA,"Fertility rate, total (births per woman)",SP.DYN.TFRT.IN,2016,3.873
Ghana,GHA,Population density (people per sq. km of land area),EN.POP.DNST,2016,129.0179397029094
Ghana,GHA,Population growth (annual %),SP.POP.GROW,2016,2.27621203911157
Ghana,GHA,"Population, total",SP.POP.TOTL,2016,29356742.0
Ghana,GHA,Urban population (% of total population),SP.URB.TOTL.IN.ZS,2016,54.167052758274
Kenya,KEN,Age dependency ratio (% of working-age population),SP.POP.DPND,2016,78.63644141122522
Kenya,KEN,"Fertility rate, total (births per woman)",SP.DYN.TFRT.IN,2016,3.689
Kenya,KEN,Population density (people per sq. km of land area),EN.POP.DNST,2016,84.00577713614521
Kenya,KEN,Population growth (annual %),SP.POP.GROW,2016,2.20775684612709
Kenya,KEN,"Population, total",SP.POP.TOTL,2016,48139687.0
Kenya,KEN,Urban population (% of total population),SP.URB.TOTL.IN.ZS,2016,31.6502520105647
Nigeria,NGA,Age dependency ratio (% of working-age population),SP.POP.DPND,2016,89.0622854601106
Nigeria,NGA,"Fertility rate, total (births per woman)",SP.DYN.TFRT.IN,2016,5.343
Nigeria,NGA,Population density (people per sq. km of land area),EN.POP.DNST,2016,214.59171909483183
Nigeria,NGA,Population growth (annual %),SP.POP.GROW,2016,2.47183239057048
Nigeria,NGA,"Population, total",SP.POP.TOTL,2016,195443700.0
Nigeria,NGA,Urban population (% of total population),SP.URB.TOTL.IN.ZS,2016,56.541038793347
South Africa,ZAF,Age dependency ratio (% of working-age population),SP.POP.DPND,2016,51.05895769611707
South Africa,ZAF,"Fertility rate, total (births per woman)",SP.DYN.TFRT.IN,2016,2.261
South Africa,ZAF,Population density (people per sq. km of land area),EN.POP.DNST,2016,47.20140385297052
South Africa,ZAF,Population growth (annual %),SP.POP.GROW,2016,0.940521897823675
South Africa,ZAF,"Population, total",SP.POP.TOTL,2016,57259551.0
South Africa,ZAF,Urban population (% of total population),SP.URB.TOTL.IN.ZS,2016,63.2750973439347
Cameroon,CMR,Age dependency ratio (% of working-age population),SP.POP.DPND,2017,84.45293502033839
Cameroon,CMR,"Fertility rate, total (births per woman)",SP.DYN.TFRT.IN,2017,4.804
Cameroon,CMR,Population density (people per sq. km of land area),EN.POP.DNST,2017,51.043136383829406
Cameroon,CMR,Population growth (annual %),SP.POP.GROW,2017,2.83499798189177
Cameroon,CMR,"Population, total",SP.POP.TOTL,2017,24128601.0
Cameroon,CMR,Urban population (% of total population),SP.URB.TOTL.IN.ZS,2017,53.3115142121504
"Congo, Dem. Rep.",COD,Age dependency ratio (% of working-age population),SP.POP.DPND,2017,95.79763130082124
"Congo, Dem. Rep.",COD,"Fertility rate, total (births per woman)",SP.DYN.TFRT.IN,2017,6.349
"Congo, Dem. Rep.",COD,Population density (people per sq. km of land area),EN.POP.DNST,2017,38.41264991949891
"Congo, Dem. Rep.",COD,Population growth (annual %),SP.POP.GROW,2017,3.65684620577994
"Congo, Dem. Rep.",COD,"Population, total",SP.POP.TOTL,2017,87083398.0
"Congo, Dem. Rep.",COD,Urban population (% of total population),SP.URB.TOTL.IN.ZS,2017,42.1127579403217
"Egypt, Arab Rep.",EGY,Age dependency ratio (% of working-age population),SP.POP.DPND,2017,62.52503991732318
"Egypt, Arab Rep.",EGY,"Fertility rate, total (births per woman)",SP.DYN.TFRT.IN,2017,3.31
"Egypt, Arab Rep.",EGY,Population density (people per sq. km of land area),EN.POP.DNST,2017,104.17003063940932
"Egypt, Arab Rep.",EGY,Population growth (annual %),SP.POP.GROW,2017,1.99817843887244
"Egypt, Arab Rep.",EGY,"Population, total",SP.POP.TOTL,2017,103696057.0
"Egypt, Arab Rep.",EGY,Urban population (% of total population),SP.URB.TOTL.IN.ZS,2017,42.4486008687179
Ethiopia,ETH,Age dependency ratio (% of working-age population),SP.POP.DPND,2017,80.98542605512962
Ethiopia,ETH,"Fertility rate, total (births per woman)",SP.DYN.TFRT.IN,2017,4.401
Ethiopia,ETH,Population density (people per sq. km of land area),EN.POP.DNST,2017,97.17443525903262
Ethiopia,ETH,Population growth (annual %),SP.POP.GROW,2017,2.72524097063889
Ethiopia,ETH,"Population, total",SP.POP.TOTL,2017,109666481.0
Ethiopia,ETH,Urban population (% of total population),SP.URB.TOTL.IN.ZS,2017,20.3084850311279
Ghana,GHA,Age dependency ratio (% of working-age population),SP.POP.DPND,2017,71.0007408539075
Ghana,GHA,"Fertility rate, total (births per woman)",SP.DYN.TFRT.IN,2017,3.715
Ghana,GHA,Population density (people per sq. km of land area),EN.POP.DNST,2017,131.8816647622396
Ghana,GHA,Population growth (annual %),SP.POP.GROW,2017,2.19535792776401
Ghana,GHA,"Population, total",SP.POP.TOTL,2017,30008354.0
Ghana,GHA,Urban population (% of total population),SP.URB.TOTL.IN.ZS,2017,54.6991419779128
Kenya,KEN,Age dependency ratio (% of working-age population),SP.POP.DPND,2017,77.16038261898507
Kenya,KEN,"Fertility rate, total (births per woman)",SP.DYN.TFRT.IN,2017,3.609
Kenya,KEN,Population density (people per sq. km of land area),EN.POP.DNST,2017,85.56011945221994
Kenya,KEN,Population growth (annual %),SP.POP.GROW,2017,2.17412854990493
Kenya,KEN,"Population, total",SP.POP.TOTL,2017,49197766.0
Kenya,KEN,Urban population (% of total population),SP.URB.TOTL.IN.ZS,2017,31.5383650847102
Nigeria,NGA,Age dependency ratio (% of working-age population),SP.POP.DPND,2017,88.12557568985011
Nigeria,NGA,"Fertility rate, total (births per woman)",SP.DYN.TFRT.IN,2017,5.182
Nigeria,NGA,Population density (people per sq. km of land area),EN.POP.DNST,2017,219.87392975174853
Nigeria,NGA,Population growth (annual %),SP.POP.GROW,2017,2.43170936923065
Nigeria,NGA,"Population, total",SP.POP.TOTL,2017,200254579.0
Nigeria,NGA,Urban population (% of total population),SP.URB.TOTL.IN.ZS,2017,57.3486345560101
South Africa,ZAF,Age dependency ratio (% of working-age population),SP.POP.DPND,2017,51.266788538862464
South Africa,ZAF,"Fertility rate, total (births per woman)",SP.DYN.TFRT.IN,2017,2.283
South Africa,ZAF,Population density (people per sq. km of land area),EN.POP.DNST,2017,47.51103545491266
South Africa,ZAF,Population growth (annual %),SP.POP.GROW,2017,0.653837462693277
South Africa,ZAF,"Population, total",SP.POP.TOTL,2017,57635162.0
South Africa,ZAF,Urban population (% of total population),SP.URB.TOTL.IN.ZS,2017,63.3311078299936
Cameroon,CMR,Age dependency ratio (% of working-age population),SP.POP.DPND,2018,84.12266747659794
Cameroon,CMR,"Fertility rate, total (births per woman)",SP.DYN.TFRT.IN,2018,4.74
Cameroon,CMR,Population density (people per sq. km of land area),EN.POP.DNST,2018,52.47695838886421
Cameroon,CMR,Population growth (annual %),SP.POP.GROW,2018,2.77030987519388
Cameroon,CMR,"Population, total",SP.POP.TOTL,2018,24806383.0
Cameroon,CMR,Urban population (% of total population),SP.URB.TOTL.IN.ZS,2018,53.6339873660653
"Congo, Dem. Rep.",COD,Age dependency ratio (% of working-age population),SP.POP.DPND,2018,95.94153874120164
"Congo, Dem. Rep.",COD,"Fertility rate, total (births per woman)",SP.DYN.TFRT.IN,2018,6.302
"Congo, Dem. Rep.",COD,Population density (people per sq. km of land area),EN.POP.DNST,2018,39.72018438058269
"Congo, Dem. Rep.",COD,Population growth (annual %),SP.POP.GROW,2018,3.34726508426912
"Congo, Dem. Rep.",COD,"Population, total",SP.POP.TOTL,2018,90047644.0
"Congo, Dem. Rep.",COD,Urban population (% of total population),SP.URB.TOTL.IN.ZS,2018,42.4946599159958
"Egypt, Arab Rep.",EGY,Age dependency ratio (% of working-age population),SP.POP.DPND,2018,62.48360244223636
"Egypt, Arab Rep.",EGY,"Fertility rate, total (births per woman)",SP.DYN.TFRT.IN,2018,3.02
"Egypt, Arab Rep.",EGY,Population density (people per sq. km of land area),EN.POP.DNST,2018,106.16514541162287
"Egypt, Arab Rep.",EGY,Population growth (annual %),SP.POP.GROW,2018,1.89713831833082
"Egypt, Arab Rep.",EGY,"Population, total",SP.POP.TOTL,2018,105682094.0
"Egypt, Arab Rep.",EGY,Urban population (% of total population),SP.URB.TOTL.IN.ZS,2018,42.4577177449969
Ethiopia,ETH,Age dependency ratio (% of working-age population),SP.POP.DPND,2018,79.51791957329529
Ethiopia,ETH,"Fertility rate, total (births per woman)",SP.DYN.TFRT.IN,2018,4.371
Ethiopia,ETH,Population density (people per sq. km of land area),EN.POP.DNST,2018,99.82988253895624
Ethiopia,ETH,Population growth (annual %),SP.POP.GROW,2018,2.69675179524869
Ethiopia,ETH,"Population, total",SP.POP.TOTL,2018,112664152.0
Ethiopia,ETH,Urban population (% of total population),SP.URB.TOTL.IN.ZS,2018,20.7838096618652
Ghana,GHA,Age dependency ratio (% of working-age population),SP.POP.DPND,2018,70.22201277387957
Ghana,GHA,"Fertility rate, total (births per woman)",SP.DYN.TFRT.IN,2018,3.65
Ghana,GHA,Population density (people per sq. km of land area),EN.POP.DNST,2018,134.6470290937857
Ghana,GHA,Population growth (annual %),SP.POP.GROW,2018,2.07517136640112
Ghana,GHA,"Population, total",SP.POP.TOTL,2018,30637585.0
Ghana,GHA,Urban population (% of total population),SP.URB.TOTL.IN.ZS,2018,55.218477566593
Kenya,KEN,Age dependency ratio (% of working-age population),SP.POP.DPND,2018,75.7364230190387
Kenya,KEN,"Fertility rate, total (births per woman)",SP.DYN.TFRT.IN,2018,3.536
Kenya,KEN,Population density (people per sq. km of land area),EN.POP.DNST,2018,87.01944938698104
Kenya,KEN,Population growth (annual %),SP.POP.GROW,2018,2.03083744189606
Kenya,KEN,"Population, total",SP.POP.TOTL,2018,50207107.0
Kenya,KEN,Urban population (% of total population),SP.URB.TOTL.IN.ZS,2018,31.3940041639796
Nigeria,NGA,Age dependency ratio (% of working-age population),SP.POP.DPND,2018,87.05628285199349
Nigeria,NGA,"Fertility rate, total (births per woman)",SP.DYN.TFRT.IN,2018,5.021
Nigeria,NGA,Population density (people per sq. km of land area),EN.POP.DNST,2018,225.01702405656752
Nigeria,NGA,Population growth (annual %),SP.POP.GROW,2018,2.31217263003389
Nigeria,NGA,"Population, total",SP.POP.TOTL,2018,204938755.0
Nigeria,NGA,Urban population (% of total population),SP.URB.TOTL.IN.ZS,2018,58.1553347527729
South Africa,ZAF,Age dependency ratio (% of working-age population),SP.POP.DPND,2018,50.67742758444959
South Africa,ZAF,"Fertility rate, total (births per woman)",SP.DYN.TFRT.IN,2018,2.27
South Africa,ZAF,Population density (people per sq. km of land area),EN.POP.DNST,2018,48.31710837613038
South Africa,ZAF,Population growth (annual %),SP.POP.GROW,2018,1.68236992028419
South Africa,ZAF,"Population, total",SP.POP.TOTL,2018,58613001.0
South Africa,ZAF,Urban population (% of total population),SP.URB.TOTL.IN.ZS,2018,63.3771545246841
Cameroon,CMR,Age dependency ratio (% of working-age population),SP.POP.DPND,2019,83.58064134660431
Cameroon,CMR,"Fertility rate, total (births per woman)",SP.DYN.TFRT.IN,2019,4.651
Cameroon,CMR,Population density (people per sq. km of land area),EN.POP.DNST,2019,53.95717247360961
Cameroon,CMR,Population growth (annual %),SP.POP.GROW,2019,2.78164441246944
Cameroon,CMR,"Population, total",SP.POP.TOTL,2019,25506095.0
Cameroon,CMR,Urban population (% of total population),SP.URB.TOTL.IN.ZS,2019,53.9487914119331
"Congo, Dem. Rep.",COD,Age dependency ratio (% of working-age population),SP.POP.DPND,2019,96.35179731796558
"Congo, Dem. Rep.",COD,"Fertility rate, total (births per woman)",SP.DYN.TFRT.IN,2019,6.253
"Congo, Dem. Rep.",COD,Population density (people per sq. km of land area),EN.POP.DNST,2019,40.99929070818906
"Congo, Dem. Rep.",COD,Population growth (annual %),SP.POP.GROW,2019,3.1695285579572
"Congo, Dem. Rep.",COD,"Population, total",SP.POP.TOTL,2019,92947442.0
"Congo, Dem. Rep.",COD,Urban population (% of total population),SP.URB.TOTL.IN.ZS,2019,42.8747090907476
"Egypt, Arab Rep.",EGY,Age dependency ratio (% of working-age population),SP.POP.DPND,2019,62.168205937775525
"Egypt, Arab Rep.",EGY,"Fertility rate, total (births per woman)",SP.DYN.TFRT.IN,2019,2.87
"Egypt, Arab Rep.",EGY,Population density (people per sq. km of land area),EN.POP.DNST,2019,108.04476166557838
"Egypt, Arab Rep.",EGY,Population growth (annual %),SP.POP.GROW,2019,1.75497438173801
"Egypt, Arab Rep.",EGY,"Population, total",SP.POP.TOTL,2019,107553158.0
"Egypt, Arab Rep.",EGY,Urban population (% of total population),SP.URB.TOTL.IN.ZS,2019,42.4812027332648
Ethiopia,ETH,Age dependency ratio (% of working-age population),SP.POP.DPND,2019,78.2497670217938
Ethiopia,ETH,"Fertility rate, total (births per woman)",SP.DYN.TFRT.IN,2019,4.347
Ethiopia,ETH,Population density (people per sq. km of land area),EN.POP.DNST,2019,102.55215954974562
Ethiopia,ETH,Population growth (annual %),SP.POP.GROW,2019,2.69123978261516
Ethiopia,ETH,"Population, total",SP.POP.TOTL,2019,115737383.0
Ethiopia,ETH,Urban population (% of total population),SP.URB.TOTL.IN.ZS,2019,21.2486705780029
Ghana,GHA,Age dependency ratio (% of working-age population),SP.POP.DPND,2019,69.4561926050096
Ghana,GHA,"Fertility rate, total (births per woman)",SP.DYN.TFRT.IN,2019,3.593
Ghana,GHA,Population density (people per sq. km of land area),EN.POP.DNST,2019,137.38202810141826
Ghana,GHA,Population growth (annual %),SP.POP.GROW,2019,2.00780519953703
Ghana,GHA,"Population, total",SP.POP.TOTL,2019,31258945.0
Ghana,GHA,Urban population (% of total population),SP.URB.TOTL.IN.ZS,2019,55.7246279109161
Kenya,KEN,Age dependency ratio (% of working-age population),SP.POP.DPND,2019,74.26394056675264
Kenya,KEN,"Fertility rate, total (births per woman)",SP.DYN.TFRT.IN,2019,3.433
Kenya,KEN,Population density (people per sq. km of land area),EN.POP.DNST,2019,88.44538949881266
Kenya,KEN,Population growth (annual %),SP.POP.GROW,2019,1.96381549826771
Kenya,KEN,"Population, total",SP.POP.TOTL,2019,51202827.0
Kenya,KEN,Urban population (% of total population),SP.URB.TOTL.IN.ZS,2019,31.1895566421135
Nigeria,NGA,Age dependency ratio (% of working-age population),SP.POP.DPND,2019,85.87943186347816
Nigeria,NGA,"Fertility rate, total (births per woman)",SP.DYN.TFRT.IN,2019,4.861
Nigeria,NGA,Population density (people per sq. km of land area),EN.POP.DNST,2019,230.00937777924173
Nigeria,NGA,Population growth (annual %),SP.POP.GROW,2019,2.1944019229433
Nigeria,NGA,"Population, total",SP.POP.TOTL,2019,209485641.0
Nigeria,NGA,Urban population (% of total population),SP.URB.TOTL.IN.ZS,2019,58.9611186427056
South Africa,ZAF,Age dependency ratio (% of working-age population),SP.POP.DPND,2019,50.09433936600157
South Africa,ZAF,"Fertility rate, total (births per woman)",SP.DYN.TFRT.IN,2019,2.264
South Africa,ZAF,Population density (people per sq. km of land area),EN.POP.DNST,2019,49.12074536926362
South Africa,ZAF,Population growth (annual %),SP.POP.GROW,2019,1.64957495527878
South Africa,ZAF,"Population, total",SP.POP.TOTL,2019,59587885.0
South Africa,ZAF,Urban population (% of total population),SP.URB.TOTL.IN.ZS,2019,63.4127255007908
Cameroon,CMR,Age dependency ratio (% of working-age population),SP.POP.DPND,2020,82.88431226568666
Cameroon,CMR,"Fertility rate, total (births per woman)",SP.DYN.TFRT.IN,2020,4.557
Cameroon,CMR,Population density (people per sq. km of land area),EN.POP.DNST,2020,55.44743711789469
Cameroon,CMR,Population growth (annual %),SP.POP.GROW,2020,2.7244863481235
Cameroon,CMR,"Population, total",SP.POP.TOTL,2020,26210558.0
Cameroon,CMR,Urban population (% of total population),SP.URB.TOTL.IN.ZS,2020,54.2557949164174
"Congo, Dem. Rep.",COD,Age dependency ratio (% of working-age population),SP.POP.DPND,2020,96.61302060794942
"Congo, Dem. Rep.",COD,"Fertility rate, total (births per woman)",SP.DYN.TFRT.IN,2020,6.206
"Congo, Dem. Rep.",COD,Population density (people per sq. km of land area),EN.POP.DNST,2020,42.34136785690655
"Congo, Dem. Rep.",COD,Population growth (annual %),SP.POP.GROW,2020,3.22098049233111
"Congo, Dem. Rep.",COD,"Population, total",SP.POP.TOTL,2020,95989998.0
"Congo, Dem. Rep.",COD,Urban population (% of total population),SP.URB.TOTL.IN.ZS,2020,43.2528602500115
"Egypt, Arab Rep.",EGY,Age dependency ratio (% of working-age population),SP.POP.DPND,2020,61.72155271332552
"Egypt, Arab Rep.",EGY,"Fertility rate, total (births per woman)",SP.DYN.TFRT.IN,2020,2.85
"Egypt, Arab Rep.",EGY,Population density (people per sq. km of land area),EN.POP.DNST,2020,109.81478125470892
"Egypt, Arab Rep.",EGY,Population growth (annual %),SP.POP.GROW,2020,1.62495386951696
"Egypt, Arab Rep.",EGY,"Population, total",SP.POP.TOTL,2020,109315124.0
"Egypt, Arab Rep.",EGY,Urban population (% of total population),SP.URB.TOTL.IN.ZS,2020,42.5181534630674
Ethiopia,ETH,Age dependency ratio (% of working-age population),SP.POP.DPND,2020,77.05321019228887
Ethiopia,ETH,"Fertility rate, total (births per woman)",SP.DYN.TFRT.IN,2020,4.274
Ethiopia,ETH,Population density (people per sq. km of land area),EN.POP.DNST,2020,105.37009089544534
Ethiopia,ETH,Population growth (annual %),SP.POP.GROW,2020,2.71077284780816
Ethiopia,ETH,"Population, total",SP.POP.TOTL,2020,118917671.0
Ethiopia,ETH,Urban population (% of total population),SP.URB.TOTL.IN.ZS,2020,21.6260051727295
Ghana,GHA,Age dependency ratio (% of working-age population),SP.POP.DPND,2020,68.61462280580368
Ghana,GHA,"Fertility rate, total (births per woman)",SP.DYN.TFRT.IN,2020,3.541
Ghana,GHA,Population density (people per sq. km of land area),EN.POP.DNST,2020,140.147712389575
Ghana,GHA,Population growth (annual %),SP.POP.GROW,2020,1.99181985149439
Ghana,GHA,"Population, total",SP.POP.TOTL,2020,31887809.0
Ghana,GHA,Urban population (% of total population),SP.URB.TOTL.IN.ZS,2020,56.2171613974837
Kenya,KEN,Age dependency ratio (% of working-age population),SP.POP.DPND,2020,72.63223810076862
Kenya,KEN,"Fertility rate, total (births per woman)",SP.DYN.TFRT.IN,2020,3.364
Kenya,KEN,Population density (people per sq. km of land area),EN.POP.DNST,2020,89.8940686683206
Kenya,KEN,Population growth (annual %),SP.POP.GROW,2020,1.96197633664853
Kenya,KEN,"Population, total",SP.POP.TOTL,2020,52217334.0
Kenya,KEN,Urban population (% of total population),SP.URB.TOTL.IN.ZS,2020,31.2063494632616
Nigeria,NGA,Age dependency ratio (% of working-age population),SP.POP.DPND,2020,84.52583731170375
Nigeria,NGA,"Fertility rate, total (births per woman)",SP.DYN.TFRT.IN,2020,4.7
Nigeria,NGA,Population density (people per sq. km of land area),EN.POP.DNST,2020,234.96182460994544
Nigeria,NGA,Population growth (annual %),SP.POP.GROW,2020,2.13029714344341
Nigeria,NGA,"Population, total",SP.POP.TOTL,2020,213996181.0
Nigeria,NGA,Urban population (% of total population),SP.URB.TOTL.IN.ZS,2020,59.7659654848781
South Africa,ZAF,Age dependency ratio (% of working-age population),SP.POP.DPND,2020,49.49614178864999
South Africa,ZAF,"Fertility rate, total (births per woman)",SP.DYN.TFRT.IN,2020,2.257
South Africa,ZAF,Population density (people per sq. km of land area),EN.POP.DNST,2020,49.924062518032464
South Africa,ZAF,Population growth (annual %),SP.POP.GROW,2020,1.62216431400652
South Africa,ZAF,"Population, total",SP.POP.TOTL,2020,60562381.0
South Africa,ZAF,Urban population (% of total population),SP.URB.TOTL.IN.ZS,2020,63.4373088310982
Cameroon,CMR,Age dependency ratio (% of working-age population),SP.POP.DPND,2021,82.08936503576739
Cameroon,CMR,"Fertility rate, total (births per woman)",SP.DYN.TFRT.IN,2021,4.468
Cameroon,CMR,Population density (people per sq. km of land area),EN.POP.DNST,2021,56.93926085760826
Cameroon,CMR,Population growth (annual %),SP.POP.GROW,2021,2.65496076580698
Cameroon,CMR,"Population, total",SP.POP.TOTL,2021,26915758.0
Cameroon,CMR,Urban population (% of total population),SP.URB.TOTL.IN.ZS,2021,54.5548664463635
"Congo, Dem. Rep.",COD,Age dependency ratio (% of working-age population),SP.POP.DPND,2021,96.7262299524834
"Congo, Dem. Rep.",COD,"Fertility rate, total (births per woman)",SP.DYN.TFRT.IN,2021,6.156
"Congo, Dem. Rep.",COD,Population density (people per sq. km of land area),EN.POP.DNST,2021,43.73477955933923
"Congo, Dem. Rep.",COD,Population growth (annual %),SP.POP.GROW,2021,3.23790848096045
"Congo, Dem. Rep.",COD,"Population, total",SP.POP.TOTL,2021,99148932.0
"Congo, Dem. Rep.",COD,Urban population (% of total population),SP.URB.TOTL.IN.ZS,2021,43.6290681792218
"Egypt, Arab Rep.",EGY,Age dependency ratio (% of working-age population),SP.POP.DPND,2021,61.11556544804439
"Egypt, Arab Rep.",EGY,"Fertility rate, total (births per woman)",SP.DYN.TFRT.IN,2021,2.75
"Egypt, Arab Rep.",EGY,Population density (people per sq. km of land area),EN.POP.DNST,2021,111.46416997337889
"Egypt, Arab Rep.",EGY,Population growth (annual %),SP.POP.GROW,2021,1.4908053906311
"Egypt, Arab Rep.",EGY,"Population, total",SP.POP.TOTL,2021,110957008.0
"Egypt, Arab Rep.",EGY,Urban population (% of total population),SP.URB.TOTL.IN.ZS,2021,42.5686062621468
Ethiopia,ETH,Age dependency ratio (% of working-age population),SP.POP.DPND,2021,75.92750654330703
Ethiopia,ETH,"Fertility rate, total (births per woman)",SP.DYN.TFRT.IN,2021,4.177
Ethiopia,ETH,Population density (people per sq. km of land area),EN.POP.DNST,2021,108.2303782985215
Ethiopia,ETH,Population growth (annual %),SP.POP.GROW,2021,2.67249538803955
Ethiopia,ETH,"Population, total",SP.POP.TOTL,2021,122138588.0
Ethiopia,ETH,Urban population (% of total population),SP.URB.TOTL.IN.ZS,2021,22.1067085266113
Ghana,GHA,Age dependency ratio (% of working-age population),SP.POP.DPND,2021,67.73640843449598
Ghana,GHA,"Fertility rate, total (births per woman)",SP.DYN.TFRT.IN,2021,3.492
Ghana,GHA,Population density (people per sq. km of land area),EN.POP.DNST,2021,142.91845578443565
Ghana,GHA,Population growth (annual %),SP.POP.GROW,2021,1.95904584379494
Ghana,GHA,"Population, total",SP.POP.TOTL,2021,32518665.0
Ghana,GHA,Urban population (% of total population),SP.URB.TOTL.IN.ZS,2021,56.6952556826536
Kenya,KEN,Age dependency ratio (% of working-age population),SP.POP.DPND,2021,70.95791674270538
Kenya,KEN,"Fertility rate, total (births per woman)",SP.DYN.TFRT.IN,2021,3.312
Kenya,KEN,Population density (people per sq. km of land area),EN.POP.DNST,2021,91.61875945016176
Kenya,KEN,Population growth (annual %),SP.POP.GROW,2021,1.90040858948898
Kenya,KEN,"Population, total",SP.POP.TOTL,2021,53219166.0
Kenya,KEN,Urban population (% of total population),SP.URB.TOTL.IN.ZS,2021,31.2879334021971
Nigeria,NGA,Age dependency ratio (% of working-age population),SP.POP.DPND,2021,83.1000083234404
Nigeria,NGA,"Fertility rate, total (births per woman)",SP.DYN.TFRT.IN,2021,4.636
Nigeria,NGA,Population density (people per sq. km of land area),EN.POP.DNST,2021,239.9390471798588
Nigeria,NGA,Population growth (annual %),SP.POP.GROW,2021,2.09618685225463
Nigeria,NGA,"Population, total",SP.POP.TOTL,2021,218529286.0
Nigeria,NGA,Urban population (% of total population),SP.URB.TOTL.IN.ZS,2021,60.5698545383604
South Africa,ZAF,Age dependency ratio (% of working-age population),SP.POP.DPND,2021,48.9162852048925
South Africa,ZAF,"Fertility rate, total (births per woman)",SP.DYN.TFRT.IN,2021,2.248
South Africa,ZAF,Population density (people per sq. km of land area),EN.POP.DNST,2021,50.69912619838594
South Africa,ZAF,Population growth (annual %),SP.POP.GROW,2021,1.54055743832642
South Africa,ZAF,"Population, total",SP.POP.TOTL,2021,61502603.0
South Africa,ZAF,Urban population (% of total population),SP.URB.TOTL.IN.ZS,2021,63.4503925883909
Cameroon,CMR,Age dependency ratio (% of working-age population),SP.POP.DPND,2022,81.22958666221038
Cameroon,CMR,"Fertility rate, total (births per woman)",SP.DYN.TFRT.IN,2022,4.397
Cameroon,CMR,Population density (people per sq. km of land area),EN.POP.DNST,2022,58.456074548877744
Cameroon,CMR,Population growth (annual %),SP.POP.GROW,2022,2.62905090961273
Cameroon,CMR,"Population, total",SP.POP.TOTL,2022,27632771.0
Cameroon,CMR,Urban population (% of total population),SP.URB.TOTL.IN.ZS,2022,54.8458745688318
"Congo, Dem. Rep.",COD,Age dependency ratio (% of working-age population),SP.POP.DPND,2022,96.7658121576433
"Congo, Dem. Rep.",COD,"Fertility rate, total (births per woman)",SP.DYN.TFRT.IN,2022,6.106
"Congo, Dem. Rep.",COD,Population density (people per sq. km of land area),EN.POP.DNST,2022,45.16749432081339
"Congo, Dem. Rep.",COD,Population growth (annual %),SP.POP.GROW,2022,3.2234019442495
"Congo, Dem. Rep.",COD,"Population, total",SP.POP.TOTL,2022,102396968.0
"Congo, Dem. Rep.",COD,Urban population (% of total population),SP.URB.TOTL.IN.ZS,2022,44.003287663813
"Egypt, Arab Rep.",EGY,Age dependency ratio (% of working-age population),SP.POP.DPND,2022,60.4614725337186
"Egypt, Arab Rep.",EGY,"Fertility rate, total (births per woman)",SP.DYN.TFRT.IN,2022,2.75
"Egypt, Arab Rep.",EGY,Population density (people per sq. km of land area),EN.POP.DNST,2022,113.1330051735396
"Egypt, Arab Rep.",EGY,Population growth (annual %),SP.POP.GROW,2022,1.48609697540294
"Egypt, Arab Rep.",EGY,"Population, total",SP.POP.TOTL,2022,112618250.0
"Egypt, Arab Rep.",EGY,Urban population (% of total population),SP.URB.TOTL.IN.ZS,2022,42.6325129008032
Ethiopia,ETH,Age dependency ratio (% of working-age population),SP.POP.DPND,2022,74.91758521765082
Ethiopia,ETH,"Fertility rate, total (births per woman)",SP.DYN.TFRT.IN,2022,4.082
Ethiopia,ETH,Population density (people per sq. km of land area),EN.POP.DNST,2022,111.10715137667846
Ethiopia,ETH,Population growth (annual %),SP.POP.GROW,2022,2.62269500936104
Ethiopia,ETH,"Population, total",SP.POP.TOTL,2022,125384287.0
Ethiopia,ETH,Urban population (% of total population),SP.URB.TOTL.IN.ZS,2022,22.7367687225342
Ghana,GHA,Age dependency ratio (% of working-age population),SP.POP.DPND,2022,66.91880695368808
Ghana,GHA,"Fertility rate, total (births per woman)",SP.DYN.TFRT.IN,2022,3.434
Ghana,GHA,Population density (people per sq. km of land area),EN.POP.DNST,2022,145.68942527018058
Ghana,GHA,Population growth (annual %),SP.POP.GROW,2022,1.92029034344132
Ghana,GHA,"Population, total",SP.POP.TOTL,2022,33149152.0
Ghana,GHA,Urban population (% of total population),SP.URB.TOTL.IN.ZS,2022,57.250609602871
Kenya,KEN,Age dependency ratio (% of working-age population),SP.POP.DPND,2022,69.30547895111884
Kenya,KEN,"Fertility rate, total (births per woman)",SP.DYN.TFRT.IN,2022,3.262
Kenya,KEN,Population density (people per sq. km of land area),EN.POP.DNST,2022,93.39761494831173
Kenya,KEN,Population growth (annual %),SP.POP.GROW,2022,1.92297608206469
Kenya,KEN,"Population, total",SP.POP.TOTL,2022,54252461.0
Kenya,KEN,Urban population (% of total population),SP.URB.TOTL.IN.ZS,2022,31.4307820066946
Nigeria,NGA,Age dependency ratio (% of working-age population),SP.POP.DPND,2022,81.68728785356599
Nigeria,NGA,"Fertility rate, total (births per woman)",SP.DYN.TFRT.IN,2022,4.552
Nigeria,NGA,Population density (people per sq. km of land area),EN.POP.DNST,2022,245.0134457656708
Nigeria,NGA,Population growth (annual %),SP.POP.GROW,2022,2.09281687128387
Nigeria,NGA,"Population, total",SP.POP.TOTL,2022,223150896.0
Nigeria,NGA,Urban population (% of total population),SP.URB.TOTL.IN.ZS,2022,61.3727650622225
South Africa,ZAF,Age dependency ratio (% of working-age population),SP.POP.DPND,2022,48.55046604431532
South Africa,ZAF,"Fertility rate, total (births per woman)",SP.DYN.TFRT.IN,2022,2.227
South Africa,ZAF,Population density (people per sq. km of land area),EN.POP.DNST,2022,51.42108994386237
South Africa,ZAF,Population growth (annual %),SP.POP.GROW,2022,1.41397227960081
South Africa,ZAF,"Population, total",SP.POP.TOTL,2022,62378410.0
South Africa,ZAF,Urban population (% of total population),SP.URB.TOTL.IN.ZS,2022,63.4766699210327
Cameroon,CMR,Age dependency ratio (% of working-age population),SP.POP.DPND,2023,80.29516040714506
Cameroon,CMR,"Fertility rate, total (births per woman)",SP.DYN.TFRT.IN,2023,4.322
Cameroon,CMR,Population density (people per sq. km of land area),EN.POP.DNST,2023,60.02133866429735
Cameroon,CMR,Population growth (annual %),SP.POP.GROW,2023,2.64245336134821
Cameroon,CMR,"Population, total",SP.POP.TOTL,2023,28372687.0
Cameroon,CMR,Urban population (% of total population),SP.URB.TOTL.IN.ZS,2023,55.1286878511388
"Congo, Dem. Rep.",COD,Age dependency ratio (% of working-age population),SP.POP.DPND,2023,96.6825341170883
"Congo, Dem. Rep.",COD,"Fertility rate, total (births per woman)",SP.DYN.TFRT.IN,2023,6.051
"Congo, Dem. Rep.",COD,Population density (people per sq. km of land area),EN.POP.DNST,2023,46.6640484329856
"Congo, Dem. Rep.",COD,Population growth (annual %),SP.POP.GROW,2023,3.25963514299902
"Congo, Dem. Rep.",COD,"Population, total",SP.POP.TOTL,2023,105789731.0
"Congo, Dem. Rep.",COD,Urban population (% of total population),SP.URB.TOTL.IN.ZS,2023,44.3754734892194
"Egypt, Arab Rep.",EGY,Age dependency ratio (% of working-age population),SP.POP.DPND,2023,59.75667103570471
"Egypt, Arab Rep.",EGY,"Fertility rate, total (births per woman)",SP.DYN.TFRT.IN,2023,2.75
"Egypt, Arab Rep.",EGY,Population density (people per sq. km of land area),EN.POP.DNST,2023,115.05929177758804
"Egypt, Arab Rep.",EGY,Population growth (annual %),SP.POP.GROW,2023,1.68834126904494
"Egypt, Arab Rep.",EGY,"Population, total",SP.POP.TOTL,2023,114535772.0
"Egypt, Arab Rep.",EGY,Urban population (% of total population),SP.URB.TOTL.IN.ZS,2023,42.7098115041919
Ethiopia,ETH,Age dependency ratio (% of working-age population),SP.POP.DPND,2023,74.02486571566416
Ethiopia,ETH,"Fertility rate, total (births per woman)",SP.DYN.TFRT.IN,2023,3.989
Ethiopia,ETH,Population density (people per sq. km of land area),EN.POP.DNST,2023,114.03795201200036
Ethiopia,ETH,Population growth (annual %),SP.POP.GROW,2023,2.6036241976442
Ethiopia,ETH,"Population, total",SP.POP.TOTL,2023,128691692.0
Ethiopia,ETH,Urban population (% of total population),SP.URB.TOTL.IN.ZS,2023,23.0586471557617
Ghana,GHA,Age dependency ratio (% of working-age population),SP.POP.DPND,2023,66.14258125876678
Ghana,GHA,"Fertility rate, total (births per woman)",SP.DYN.TFRT.IN,2023,3.397
Ghana,GHA,Population density (people per sq. km of land area),EN.POP.DNST,2023,148.49676310689
Ghana,GHA,Population growth (annual %),SP.POP.GROW,2023,1.90860289687983
Ghana,GHA,"Population, total",SP.POP.TOTL,2023,33787914.0
Ghana,GHA,Urban population (% of total population),SP.URB.TOTL.IN.ZS,2023,57.8074737774654
Kenya,KEN,Age dependency ratio (% of working-age population),SP.POP.DPND,2023,67.6739373442667
Kenya,KEN,"Fertility rate, total (births per woman)",SP.DYN.TFRT.IN,2023,3.208
Kenya,KEN,Population density (people per sq. km of land area),EN.POP.DNST,2023,95.26813712317062
Kenya,KEN,Population growth (annual %),SP.POP.GROW,2023,1.98296028478422
Kenya,KEN,"Population, total",SP.POP.TOTL,2023,55339003.0
Kenya,KEN,Urban population (% of total population),SP.URB.TOTL.IN.ZS,2023,31.6330340816429
Nigeria,NGA,Age dependency ratio (% of working-age population),SP.POP.DPND,2023,80.24640634021274
Nigeria,NGA,"Fertility rate, total (births per woman)",SP.DYN.TFRT.IN,2023,4.482
Nigeria,NGA,Population density (people per sq. km of land area),EN.POP.DNST,2023,250.20910328623037
Nigeria,NGA,Population growth (annual %),SP.POP.GROW,2023,2.09838916935738
Nigeria,NGA,"Population, total",SP.POP.TOTL,2023,227882945.0
Nigeria,NGA,Urban population (% of total population),SP.URB.TOTL.IN.ZS,2023,62.1746763155343
South Africa,ZAF,Age dependency ratio (% of working-age population),SP.POP.DPND,2023,48.36793446952144
South Africa,ZAF,"Fertility rate, total (births per woman)",SP.DYN.TFRT.IN,2023,2.216
South Africa,ZAF,Population density (people per sq. km of land area),EN.POP.DNST,2023,52.10856902620581
South Africa,ZAF,Population growth (annual %),SP.POP.GROW,2023,1.32810094082844
South Africa,ZAF,"Population, total",SP.POP.TOTL,2023,63212384.0
South Africa,ZAF,Urban population (% of total population),SP.URB.TOTL.IN.ZS,2023,63.5823705163545
